;Database,GustavDalenTower,,,,,,,,,,,,,,,,,,,,,,,,,,,,,
;Comments,Abovewater measurement Level 1.5 Screened data DATA USAGE: Due to the research and development phase characterizing AERONET Ocean Color AOT870 was used for T865,,,,,,,,,,,,,,,,,,,,,,,,,,,,,
;Source,AERONET-Ocean Color Data Download,,,,,,,,,,,,,,,,,,,,,,,,,,,,,
;Acknowledgements,PI(s):Giuseppe_Zibordi giuseppe.zibordi@jrc.it,,,,,,,,,,,,,,,,,,,,,,,,,,,,,
;Reference,http://aeronet.gsfc.nasa.gov/cgi-bin/type_one_station_seaprism_new?site=Gustav_Dalen_Tower&nachal=2&level=2&place_code=10,,,,,,,,,,,,,,,,,,,,,,,,,,,,,
;Elevation,25.00m,,,,,,,,,,,,,,,,,,,,,,,,,,,,,
;Missing,NaN,,,,,,,,,,,,,,,,,,,,,,,,,,,,,
ID,DDS_ID,DDS_NAME,Year,Month,Date,Hour,Minute,Longitude,Latitude,Depth,Chla_hplc,Chla_fluor,Kd490,TSM,acdm443,bbp443,T865,exLwn412,exLwn443,exLwn490,exLwn510,exLwn531,exLwn555,exLwn620,exLwn670,exLwn681,exLwn709,Flag,Campaign,Comments
ID,number,dds_name,YYYY,MM,DD,hh,mm,decimal_degrees,decimal_degrees,metre,mg/m3,mg/m3,1/m,g/m3,1/m,1/m,None,mW/cm2/um/sr,mW/cm2/um/sr,mW/cm2/um/sr,mW/cm2/um/sr,mW/cm2/um/sr,mW/cm2/um/sr,mW/cm2/um/sr,mW/cm2/um/sr,mW/cm2/um/sr,mW/cm2/um/sr,BinaryCode,Cruisename,None
String,Integer,String,Long,Integer,Integer,Integer,Integer,Float,Float,Float,Double,Double,Double,Double,Double,Double,Double,Double,Double,Double,Double,Double,Double,Double,Double,Double,Double,Long,String,String
AS19-00001,19,GustavDalenTower,2005,6,9,13,23,17.46683,58.59417,0,NaN,2.577134,NaN,NaN,NaN,NaN,0.116823,0.098816,0.108986,NaN,NaN,NaN,0.324849,NaN,0.04396,NaN,NaN,NA,AERONET_SEAPRISM,439_491_554_675
AS19-00002,19,GustavDalenTower,2005,6,12,11,23,17.46683,58.59417,0,NaN,1.689526,NaN,NaN,NaN,NaN,0.046903,0.093486,0.156292,NaN,NaN,NaN,0.377278,NaN,0.070343,NaN,NaN,NA,AERONET_SEAPRISM,439_491_554_675
AS19-00003,19,GustavDalenTower,2005,6,13,9,23,17.46683,58.59417,0,NaN,1.905854,NaN,NaN,NaN,NaN,0.046405,0.076284,0.163339,NaN,NaN,NaN,0.34128,NaN,0.062419,NaN,NaN,NA,AERONET_SEAPRISM,439_491_554_675
AS19-00004,19,GustavDalenTower,2005,6,13,12,58,17.46683,58.59417,0,NaN,2.077849,NaN,NaN,NaN,NaN,0.040058,0.065509,0.144634,NaN,NaN,NaN,0.338869,NaN,0.063131,NaN,NaN,NA,AERONET_SEAPRISM,439_491_554_675
AS19-00005,19,GustavDalenTower,2005,6,13,13,23,17.46683,58.59417,0,NaN,2.014718,NaN,NaN,NaN,NaN,0.040583,0.034926,0.131005,NaN,NaN,NaN,0.339192,NaN,0.058229,NaN,NaN,NA,AERONET_SEAPRISM,439_491_554_675
AS19-00006,19,GustavDalenTower,2005,6,13,13,57,17.46683,58.59417,0,NaN,2.131995,NaN,NaN,NaN,NaN,0.053857,0.066116,0.120346,NaN,NaN,NaN,0.321763,NaN,0.055327,NaN,NaN,NA,AERONET_SEAPRISM,439_491_554_675
AS19-00007,19,GustavDalenTower,2005,6,14,8,24,17.46683,58.59417,0,NaN,1.570759,NaN,NaN,NaN,NaN,0.03004,0.087774,0.164089,NaN,NaN,NaN,0.340124,NaN,0.08246,NaN,NaN,NA,AERONET_SEAPRISM,439_491_554_675
AS19-00008,19,GustavDalenTower,2005,6,14,13,3,17.46683,58.59417,0,NaN,1.555679,NaN,NaN,NaN,NaN,0.035729,0.102061,0.164686,NaN,NaN,NaN,0.367318,NaN,0.083804,NaN,NaN,NA,AERONET_SEAPRISM,439_491_554_675
AS19-00009,19,GustavDalenTower,2005,6,15,12,24,17.46683,58.59417,0,NaN,1.694108,NaN,NaN,NaN,NaN,0.059172,0.084939,0.156798,NaN,NaN,NaN,0.360746,NaN,0.062977,NaN,NaN,NA,AERONET_SEAPRISM,439_491_554_675
AS19-00010,19,GustavDalenTower,2005,6,15,13,3,17.46683,58.59417,0,NaN,1.505594,NaN,NaN,NaN,NaN,0.060447,0.110492,0.150677,NaN,NaN,NaN,0.371755,NaN,0.062392,NaN,NaN,NA,AERONET_SEAPRISM,439_491_554_675
AS19-00011,19,GustavDalenTower,2005,6,16,12,24,17.46683,58.59417,0,NaN,1.062394,NaN,NaN,NaN,NaN,0.055471,0.126859,0.176132,NaN,NaN,NaN,0.36039,NaN,0.099337,NaN,NaN,NA,AERONET_SEAPRISM,439_491_554_675
AS19-00012,19,GustavDalenTower,2005,6,16,13,3,17.46683,58.59417,0,NaN,1.747272,NaN,NaN,NaN,NaN,0.053155,0.086655,0.185966,NaN,NaN,NaN,0.368928,NaN,0.089471,NaN,NaN,NA,AERONET_SEAPRISM,439_491_554_675
AS19-00013,19,GustavDalenTower,2005,6,16,13,24,17.46683,58.59417,0,NaN,1.576505,NaN,NaN,NaN,NaN,0.053541,0.153885,0.171398,NaN,NaN,NaN,0.488153,NaN,0.090103,NaN,NaN,NA,AERONET_SEAPRISM,439_491_554_675
AS19-00014,19,GustavDalenTower,2005,6,16,13,58,17.46683,58.59417,0,NaN,2.170786,NaN,NaN,NaN,NaN,0.055004,0.119149,0.191241,NaN,NaN,NaN,0.413232,NaN,0.089252,NaN,NaN,NA,AERONET_SEAPRISM,439_491_554_675
AS19-00015,19,GustavDalenTower,2005,6,17,7,24,17.46683,58.59417,0,NaN,1.932324,NaN,NaN,NaN,NaN,0.082941,0.120429,0.145724,NaN,NaN,NaN,0.389983,NaN,0.064664,NaN,NaN,NA,AERONET_SEAPRISM,439_491_554_675
AS19-00016,19,GustavDalenTower,2005,6,17,10,24,17.46683,58.59417,0,NaN,1.172643,NaN,NaN,NaN,NaN,0.073796,0.227245,0.279263,NaN,NaN,NaN,0.453176,NaN,0.185675,NaN,NaN,NA,AERONET_SEAPRISM,439_491_554_675
AS19-00017,19,GustavDalenTower,2005,6,18,7,24,17.46683,58.59417,0,NaN,1.992824,NaN,NaN,NaN,NaN,0.065357,0.055611,0.084203,NaN,NaN,NaN,0.290267,NaN,0.03984,NaN,NaN,NA,AERONET_SEAPRISM,439_491_554_675
AS19-00018,19,GustavDalenTower,2005,6,19,11,25,17.46683,58.59417,0,NaN,1.593912,NaN,NaN,NaN,NaN,0.034351,0.106189,0.166011,NaN,NaN,NaN,0.363304,NaN,0.054088,NaN,NaN,NA,AERONET_SEAPRISM,439_491_554_675
AS19-00019,19,GustavDalenTower,2005,6,19,13,4,17.46683,58.59417,0,NaN,1.492166,NaN,NaN,NaN,NaN,0.037231,0.099853,0.18071,NaN,NaN,NaN,0.352752,NaN,0.070353,NaN,NaN,NA,AERONET_SEAPRISM,439_491_554_675
AS19-00020,19,GustavDalenTower,2005,6,19,13,25,17.46683,58.59417,0,NaN,1.721636,NaN,NaN,NaN,NaN,0.038145,0.113937,0.130683,NaN,NaN,NaN,0.387299,NaN,0.062556,NaN,NaN,NA,AERONET_SEAPRISM,439_491_554_675
AS19-00021,19,GustavDalenTower,2005,6,19,13,58,17.46683,58.59417,0,NaN,1.548081,NaN,NaN,NaN,NaN,0.041375,0.139234,0.232601,NaN,NaN,NaN,0.434473,NaN,0.150771,NaN,NaN,NA,AERONET_SEAPRISM,439_491_554_675
AS19-00022,19,GustavDalenTower,2005,6,20,13,58,17.46683,58.59417,0,NaN,1.622266,NaN,NaN,NaN,NaN,0.056308,0.119527,0.174811,NaN,NaN,NaN,0.375429,NaN,0.068338,NaN,NaN,NA,AERONET_SEAPRISM,439_491_554_675
AS19-00023,19,GustavDalenTower,2005,6,21,9,4,17.46683,58.59417,0,NaN,1.577629,NaN,NaN,NaN,NaN,0.039391,0.1193,0.166778,NaN,NaN,NaN,0.391255,NaN,0.066663,NaN,NaN,NA,AERONET_SEAPRISM,439_491_554_675
AS19-00024,19,GustavDalenTower,2005,6,23,10,58,17.46683,58.59417,0,NaN,2.351988,NaN,NaN,NaN,NaN,0.025507,0.175869,0.233838,NaN,NaN,NaN,0.536984,NaN,0.102335,NaN,NaN,NA,AERONET_SEAPRISM,439_491_554_675
AS19-00025,19,GustavDalenTower,2005,6,28,6,24,17.46683,58.59417,0,NaN,3.727338,NaN,NaN,NaN,NaN,0.015323,0.003145,0.091187,NaN,NaN,NaN,0.416365,NaN,0.093544,NaN,NaN,NA,AERONET_SEAPRISM,439_491_554_675
AS19-00026,19,GustavDalenTower,2005,7,1,13,6,17.46683,58.59417,0,NaN,3.086039,NaN,NaN,NaN,NaN,0.038008,0.195894,0.236143,NaN,NaN,NaN,0.642813,NaN,0.12605,NaN,NaN,NA,AERONET_SEAPRISM,439_491_554_675
AS19-00027,19,GustavDalenTower,2005,7,1,14,1,17.46683,58.59417,0,NaN,3.404572,NaN,NaN,NaN,NaN,0.039756,0.173819,0.21601,NaN,NaN,NaN,0.643074,NaN,0.12039,NaN,NaN,NA,AERONET_SEAPRISM,439_491_554_675
AS19-00028,19,GustavDalenTower,2005,7,2,6,55,17.46683,58.59417,0,NaN,3.607102,NaN,NaN,NaN,NaN,0.025817,0.172479,0.218621,NaN,NaN,NaN,0.655477,NaN,0.124986,NaN,NaN,NA,AERONET_SEAPRISM,439_491_554_675
AS19-00029,19,GustavDalenTower,2005,7,2,9,49,17.46683,58.59417,0,NaN,2.67734,NaN,NaN,NaN,NaN,0.02275,0.196321,0.239641,NaN,NaN,NaN,0.579668,NaN,0.115918,NaN,NaN,NA,AERONET_SEAPRISM,439_491_554_675
AS19-00030,19,GustavDalenTower,2005,7,2,12,27,17.46683,58.59417,0,NaN,2.752275,NaN,NaN,NaN,NaN,0.025516,0.15843,0.206334,NaN,NaN,NaN,0.557955,NaN,0.094168,NaN,NaN,NA,AERONET_SEAPRISM,439_491_554_675
AS19-00031,19,GustavDalenTower,2005,7,2,13,7,17.46683,58.59417,0,NaN,2.932577,NaN,NaN,NaN,NaN,0.027831,0.18353,0.1949,NaN,NaN,NaN,0.543081,NaN,0.100137,NaN,NaN,NA,AERONET_SEAPRISM,439_491_554_675
AS19-00032,19,GustavDalenTower,2005,7,2,13,27,17.46683,58.59417,0,NaN,2.859465,NaN,NaN,NaN,NaN,0.028161,0.173046,0.237034,NaN,NaN,NaN,0.584301,NaN,0.115328,NaN,NaN,NA,AERONET_SEAPRISM,439_491_554_675
AS19-00033,19,GustavDalenTower,2005,7,4,11,28,17.46683,58.59417,0,NaN,2.81561,NaN,NaN,NaN,NaN,0.04427,0.258977,0.306168,NaN,NaN,NaN,0.727521,NaN,0.145151,NaN,NaN,NA,AERONET_SEAPRISM,439_491_554_675
AS19-00034,19,GustavDalenTower,2005,7,4,12,7,17.46683,58.59417,0,NaN,2.624513,NaN,NaN,NaN,NaN,0.031761,0.214941,0.272975,NaN,NaN,NaN,0.6655,NaN,0.131466,NaN,NaN,NA,AERONET_SEAPRISM,439_491_554_675
AS19-00035,19,GustavDalenTower,2005,7,4,12,28,17.46683,58.59417,0,NaN,2.787488,NaN,NaN,NaN,NaN,0.030181,0.207478,0.268774,NaN,NaN,NaN,0.670735,NaN,0.13953,NaN,NaN,NA,AERONET_SEAPRISM,439_491_554_675
AS19-00036,19,GustavDalenTower,2005,7,4,12,58,17.46683,58.59417,0,NaN,3.343371,NaN,NaN,NaN,NaN,0.02807,0.207387,0.275463,NaN,NaN,NaN,0.688255,NaN,0.123838,NaN,NaN,NA,AERONET_SEAPRISM,439_491_554_675
AS19-00037,19,GustavDalenTower,2005,7,4,13,28,17.46683,58.59417,0,NaN,3.105984,NaN,NaN,NaN,NaN,0.026464,0.227978,0.250618,NaN,NaN,NaN,0.683674,NaN,0.137132,NaN,NaN,NA,AERONET_SEAPRISM,439_491_554_675
AS19-00038,19,GustavDalenTower,2005,7,4,13,58,17.46683,58.59417,0,NaN,3.568627,NaN,NaN,NaN,NaN,0.027292,0.187876,0.238071,NaN,NaN,NaN,0.703641,NaN,0.137052,NaN,NaN,NA,AERONET_SEAPRISM,439_491_554_675
AS19-00039,19,GustavDalenTower,2005,7,5,6,26,17.46683,58.59417,0,NaN,3.711737,NaN,NaN,NaN,NaN,0.047144,0.219938,0.254051,NaN,NaN,NaN,0.929546,NaN,0.178394,NaN,NaN,NA,AERONET_SEAPRISM,439_491_554_675
AS19-00040,19,GustavDalenTower,2005,7,5,13,58,17.46683,58.59417,0,NaN,4.481934,NaN,NaN,NaN,NaN,0.040809,0.339145,0.356049,NaN,NaN,NaN,1.291474,NaN,0.254659,NaN,NaN,NA,AERONET_SEAPRISM,439_491_554_675
AS19-00041,19,GustavDalenTower,2005,7,6,8,28,17.46683,58.59417,0,NaN,3.997416,NaN,NaN,NaN,NaN,0.037573,0.349829,0.472294,NaN,NaN,NaN,1.091699,NaN,0.219828,NaN,NaN,NA,AERONET_SEAPRISM,439_491_554_675
AS19-00042,19,GustavDalenTower,2005,7,7,13,58,17.46683,58.59417,0,NaN,6.47067,NaN,NaN,NaN,NaN,0.045639,0.369839,0.366544,NaN,NaN,NaN,1.356846,NaN,0.302364,NaN,NaN,NA,AERONET_SEAPRISM,439_491_554_675
AS19-00043,19,GustavDalenTower,2005,7,8,13,28,17.46683,58.59417,0,NaN,5.080065,NaN,NaN,NaN,NaN,0.050965,0.570586,0.711019,NaN,NaN,NaN,1.758489,NaN,0.768757,NaN,NaN,NA,AERONET_SEAPRISM,439_491_554_675
AS19-00044,19,GustavDalenTower,2005,7,10,6,28,17.46683,58.59417,0,NaN,2.972577,NaN,NaN,NaN,NaN,0.030814,0.424472,0.384538,NaN,NaN,NaN,0.838802,NaN,0.229174,NaN,NaN,NA,AERONET_SEAPRISM,439_491_554_675
AS19-00045,19,GustavDalenTower,2005,7,10,12,28,17.46683,58.59417,0,NaN,1.087888,NaN,NaN,NaN,NaN,0.033648,0.290891,0.380319,NaN,NaN,NaN,0.902924,NaN,0.180029,NaN,NaN,NA,AERONET_SEAPRISM,439_491_554_675
AS19-00046,19,GustavDalenTower,2005,7,11,13,8,17.46683,58.59417,0,NaN,1.512873,NaN,NaN,NaN,NaN,0.032079,0.440896,0.600604,NaN,NaN,NaN,0.980055,NaN,0.215497,NaN,NaN,NA,AERONET_SEAPRISM,439_491_554_675
AS19-00047,19,GustavDalenTower,2005,7,11,13,29,17.46683,58.59417,0,NaN,1.581778,NaN,NaN,NaN,NaN,0.031238,0.41009,0.567189,NaN,NaN,NaN,0.9761,NaN,0.242418,NaN,NaN,NA,AERONET_SEAPRISM,439_491_554_675
AS19-00048,19,GustavDalenTower,2005,7,12,13,58,17.46683,58.59417,0,NaN,4.255206,NaN,NaN,NaN,NaN,0.055467,0.82255,0.945509,NaN,NaN,NaN,1.800275,NaN,0.62265,NaN,NaN,NA,AERONET_SEAPRISM,439_491_554_675
AS19-00049,19,GustavDalenTower,2005,7,18,12,9,17.46683,58.59417,0,NaN,5.949992,NaN,NaN,NaN,NaN,0.033933,0.71249,0.765658,NaN,NaN,NaN,2.527636,NaN,0.479586,NaN,NaN,NA,AERONET_SEAPRISM,439_491_554_675
AS19-00050,19,GustavDalenTower,2005,7,18,13,9,17.46683,58.59417,0,NaN,3.853261,NaN,NaN,NaN,NaN,0.037731,0.35117,0.379156,NaN,NaN,NaN,0.990919,NaN,0.26678,NaN,NaN,NA,AERONET_SEAPRISM,439_491_554_675
AS19-00051,19,GustavDalenTower,2005,7,20,10,9,17.46683,58.59417,0,NaN,5.7611,NaN,NaN,NaN,NaN,0.050489,0.283515,0.407789,NaN,NaN,NaN,1.135192,NaN,0.24398,NaN,NaN,NA,AERONET_SEAPRISM,439_491_554_675
AS19-00052,19,GustavDalenTower,2005,7,20,10,30,17.46683,58.59417,0,NaN,2.50579,NaN,NaN,NaN,NaN,0.051729,0.297929,0.344515,NaN,NaN,NaN,0.74882,NaN,0.251769,NaN,NaN,NA,AERONET_SEAPRISM,439_491_554_675
AS19-00053,19,GustavDalenTower,2005,7,21,10,30,17.46683,58.59417,0,NaN,3.348202,NaN,NaN,NaN,NaN,0.030372,0.216749,0.24467,NaN,NaN,NaN,0.685064,NaN,0.182189,NaN,NaN,NA,AERONET_SEAPRISM,439_491_554_675
AS19-00054,19,GustavDalenTower,2005,7,21,11,30,17.46683,58.59417,0,NaN,3.759669,NaN,NaN,NaN,NaN,0.030882,0.078473,0.118616,NaN,NaN,NaN,0.219804,NaN,0.180174,NaN,NaN,NA,AERONET_SEAPRISM,439_491_554_675
AS19-00055,19,GustavDalenTower,2005,7,24,5,58,17.46683,58.59417,0,NaN,2.496639,NaN,NaN,NaN,NaN,0.037308,0.030501,0.141973,NaN,NaN,NaN,0.409777,NaN,0.110307,NaN,NaN,NA,AERONET_SEAPRISM,439_491_554_675
AS19-00056,19,GustavDalenTower,2005,7,25,13,9,17.46683,58.59417,0,NaN,2.603548,NaN,NaN,NaN,NaN,0.047421,0.133712,0.160493,NaN,NaN,NaN,0.493338,NaN,0.145882,NaN,NaN,NA,AERONET_SEAPRISM,439_491_554_675
AS19-00057,19,GustavDalenTower,2005,7,25,14,3,17.46683,58.59417,0,NaN,2.837167,NaN,NaN,NaN,NaN,0.12286,0.113789,0.175783,NaN,NaN,NaN,0.466333,NaN,0.117326,NaN,NaN,NA,AERONET_SEAPRISM,439_491_554_675
AS19-00058,19,GustavDalenTower,2005,7,26,11,3,17.46683,58.59417,0,NaN,2.644557,NaN,NaN,NaN,NaN,0.057051,0.096853,0.126569,NaN,NaN,NaN,0.406663,NaN,0.114567,NaN,NaN,NA,AERONET_SEAPRISM,439_491_554_675
AS19-00059,19,GustavDalenTower,2005,7,27,10,9,17.46683,58.59417,0,NaN,2.147217,NaN,NaN,NaN,NaN,0.045155,0.039211,0.108631,NaN,NaN,NaN,0.437091,NaN,0.121662,NaN,NaN,NA,AERONET_SEAPRISM,439_491_554_675
AS19-00060,19,GustavDalenTower,2005,7,27,10,30,17.46683,58.59417,0,NaN,2.6845,NaN,NaN,NaN,NaN,0.048234,0.076623,0.148253,NaN,NaN,NaN,0.449755,NaN,0.12241,NaN,NaN,NA,AERONET_SEAPRISM,439_491_554_675
AS19-00061,19,GustavDalenTower,2005,7,27,12,30,17.46683,58.59417,0,NaN,2.872492,NaN,NaN,NaN,NaN,0.042462,0.102666,0.122052,NaN,NaN,NaN,0.420505,NaN,0.105949,NaN,NaN,NA,AERONET_SEAPRISM,439_491_554_675
AS19-00062,19,GustavDalenTower,2005,7,27,13,9,17.46683,58.59417,0,NaN,2.838604,NaN,NaN,NaN,NaN,0.040652,0.089802,0.139525,NaN,NaN,NaN,0.440479,NaN,0.117398,NaN,NaN,NA,AERONET_SEAPRISM,439_491_554_675
AS19-00063,19,GustavDalenTower,2005,7,27,13,30,17.46683,58.59417,0,NaN,3.018311,NaN,NaN,NaN,NaN,0.038573,0.101361,0.140836,NaN,NaN,NaN,0.412876,NaN,0.108649,NaN,NaN,NA,AERONET_SEAPRISM,439_491_554_675
AS19-00064,19,GustavDalenTower,2005,7,27,14,3,17.46683,58.59417,0,NaN,3.199493,NaN,NaN,NaN,NaN,0.03989,0.096535,0.097031,NaN,NaN,NaN,0.42515,NaN,0.093498,NaN,NaN,NA,AERONET_SEAPRISM,439_491_554_675
AS19-00065,19,GustavDalenTower,2005,7,27,14,28,17.46683,58.59417,0,NaN,1.63906,NaN,NaN,NaN,NaN,0.041534,0.420486,0.449554,NaN,NaN,NaN,0.633351,NaN,0.26426,NaN,NaN,NA,AERONET_SEAPRISM,439_491_554_675
AS19-00066,19,GustavDalenTower,2005,7,28,5,58,17.46683,58.59417,0,NaN,3.232395,NaN,NaN,NaN,NaN,0.043659,-0.026102,0.114067,NaN,NaN,NaN,0.462025,NaN,0.123505,NaN,NaN,NA,AERONET_SEAPRISM,439_491_554_675
AS19-00067,19,GustavDalenTower,2005,7,28,13,9,17.46683,58.59417,0,NaN,2.276347,NaN,NaN,NaN,NaN,0.032572,0.134018,0.188004,NaN,NaN,NaN,0.494888,NaN,0.124612,NaN,NaN,NA,AERONET_SEAPRISM,439_491_554_675
AS19-00068,19,GustavDalenTower,2005,7,31,14,3,17.46683,58.59417,0,NaN,2.599097,NaN,NaN,NaN,NaN,0.038663,0.100091,0.127028,NaN,NaN,NaN,0.382169,NaN,0.115711,NaN,NaN,NA,AERONET_SEAPRISM,439_491_554_675
AS19-00069,19,GustavDalenTower,2005,8,2,10,9,17.46683,58.59417,0,NaN,2.489875,NaN,NaN,NaN,NaN,0.053762,0.165296,0.207253,NaN,NaN,NaN,0.513562,NaN,0.132571,NaN,NaN,NA,AERONET_SEAPRISM,439_491_554_675
AS19-00070,19,GustavDalenTower,2005,8,3,5,58,17.46683,58.59417,0,NaN,4.107501,NaN,NaN,NaN,NaN,0.084214,0.004839,0.105472,NaN,NaN,NaN,0.422342,NaN,0.109678,NaN,NaN,NA,AERONET_SEAPRISM,439_491_554_675
AS19-00071,19,GustavDalenTower,2005,8,3,9,9,17.46683,58.59417,0,NaN,2.835737,NaN,NaN,NaN,NaN,0.051647,0.154828,0.184334,NaN,NaN,NaN,0.489986,NaN,0.118142,NaN,NaN,NA,AERONET_SEAPRISM,439_491_554_675
AS19-00072,19,GustavDalenTower,2005,8,5,11,29,17.46683,58.59417,0,NaN,3.205916,NaN,NaN,NaN,NaN,0.046883,0.109581,0.161919,NaN,NaN,NaN,0.469211,NaN,0.114918,NaN,NaN,NA,AERONET_SEAPRISM,439_491_554_675
AS19-00073,19,GustavDalenTower,2005,8,7,9,30,17.46683,58.59417,0,NaN,2.296785,NaN,NaN,NaN,NaN,0.02929,0.14232,0.182445,NaN,NaN,NaN,0.445251,NaN,0.129312,NaN,NaN,NA,AERONET_SEAPRISM,439_491_554_675
AS19-00074,19,GustavDalenTower,2005,8,7,11,30,17.46683,58.59417,0,NaN,2.691891,NaN,NaN,NaN,NaN,0.026952,0.13108,0.175316,NaN,NaN,NaN,0.483302,NaN,0.129839,NaN,NaN,NA,AERONET_SEAPRISM,439_491_554_675
AS19-00075,19,GustavDalenTower,2005,8,7,12,58,17.46683,58.59417,0,NaN,2.722986,NaN,NaN,NaN,NaN,0.029305,0.091105,0.158949,NaN,NaN,NaN,0.460237,NaN,0.138421,NaN,NaN,NA,AERONET_SEAPRISM,439_491_554_675
AS19-00076,19,GustavDalenTower,2005,8,7,13,29,17.46683,58.59417,0,NaN,2.994512,NaN,NaN,NaN,NaN,0.02752,0.079157,0.159015,NaN,NaN,NaN,0.462342,NaN,0.153299,NaN,NaN,NA,AERONET_SEAPRISM,439_491_554_675
AS19-00077,19,GustavDalenTower,2005,8,7,14,3,17.46683,58.59417,0,NaN,2.493075,NaN,NaN,NaN,NaN,0.026213,0.094295,0.139912,NaN,NaN,NaN,0.433031,NaN,0.137419,NaN,NaN,NA,AERONET_SEAPRISM,439_491_554_675
AS19-00078,19,GustavDalenTower,2005,8,8,12,8,17.46683,58.59417,0,NaN,2.694381,NaN,NaN,NaN,NaN,0.034684,0.132595,0.17904,NaN,NaN,NaN,0.483734,NaN,0.11904,NaN,NaN,NA,AERONET_SEAPRISM,439_491_554_675
AS19-00079,19,GustavDalenTower,2005,8,8,12,58,17.46683,58.59417,0,NaN,2.667645,NaN,NaN,NaN,NaN,0.033418,0.098902,0.18173,NaN,NaN,NaN,0.492831,NaN,0.127759,NaN,NaN,NA,AERONET_SEAPRISM,439_491_554_675
AS19-00080,19,GustavDalenTower,2005,8,8,13,29,17.46683,58.59417,0,NaN,2.797482,NaN,NaN,NaN,NaN,0.025848,0.11959,0.184234,NaN,NaN,NaN,0.516742,NaN,0.124253,NaN,NaN,NA,AERONET_SEAPRISM,439_491_554_675
AS19-00081,19,GustavDalenTower,2005,8,8,14,3,17.46683,58.59417,0,NaN,2.867846,NaN,NaN,NaN,NaN,0.027275,0.062967,0.140476,NaN,NaN,NaN,0.447589,NaN,0.108481,NaN,NaN,NA,AERONET_SEAPRISM,439_491_554_675
AS19-00082,19,GustavDalenTower,2005,8,12,7,58,17.46683,58.59417,0,NaN,2.644762,NaN,NaN,NaN,NaN,0.028349,0.064678,0.162443,NaN,NaN,NaN,0.459574,NaN,0.062518,NaN,NaN,NA,AERONET_SEAPRISM,439_491_554_675
AS19-00083,19,GustavDalenTower,2005,8,15,7,58,17.46683,58.59417,0,NaN,2.34019,NaN,NaN,NaN,NaN,0.041352,0.072768,0.148548,NaN,NaN,NaN,0.433113,NaN,0.096818,NaN,NaN,NA,AERONET_SEAPRISM,439_491_554_675
AS19-00084,19,GustavDalenTower,2005,8,15,10,11,17.46683,58.59417,0,NaN,2.556524,NaN,NaN,NaN,NaN,0.031315,0.154066,0.185052,NaN,NaN,NaN,0.511261,NaN,0.098423,NaN,NaN,NA,AERONET_SEAPRISM,439_491_554_675
AS19-00085,19,GustavDalenTower,2005,8,17,7,30,17.46683,58.59417,0,NaN,3.061704,NaN,NaN,NaN,NaN,0.025904,0.089835,0.146626,NaN,NaN,NaN,0.454069,NaN,0.10501,NaN,NaN,NA,AERONET_SEAPRISM,439_491_554_675
AS19-00086,19,GustavDalenTower,2005,8,17,9,28,17.46683,58.59417,0,NaN,2.169252,NaN,NaN,NaN,NaN,0.029437,0.100957,0.158979,NaN,NaN,NaN,0.463406,NaN,0.11269,NaN,NaN,NA,AERONET_SEAPRISM,439_491_554_675
AS19-00087,19,GustavDalenTower,2005,8,17,9,58,17.46683,58.59417,0,NaN,2.401621,NaN,NaN,NaN,NaN,0.047782,0.110554,0.165612,NaN,NaN,NaN,0.461547,NaN,0.102889,NaN,NaN,NA,AERONET_SEAPRISM,439_491_554_675
AS19-00088,19,GustavDalenTower,2005,8,19,5,29,17.46683,58.59417,0,NaN,4.260505,NaN,NaN,NaN,NaN,0.025865,-0.093795,0.027331,NaN,NaN,NaN,0.412158,NaN,0.084569,NaN,NaN,NA,AERONET_SEAPRISM,439_491_554_675
AS19-00089,19,GustavDalenTower,2005,8,19,8,27,17.46683,58.59417,0,NaN,3.148814,NaN,NaN,NaN,NaN,0.027332,0.059181,0.157358,NaN,NaN,NaN,0.497595,NaN,0.10071,NaN,NaN,NA,AERONET_SEAPRISM,439_491_554_675
AS19-00090,19,GustavDalenTower,2005,8,19,11,27,17.46683,58.59417,0,NaN,2.755687,NaN,NaN,NaN,NaN,0.027565,0.125726,0.191936,NaN,NaN,NaN,0.516554,NaN,0.106217,NaN,NaN,NA,AERONET_SEAPRISM,439_491_554_675
AS19-00091,19,GustavDalenTower,2005,8,19,11,58,17.46683,58.59417,0,NaN,3.517474,NaN,NaN,NaN,NaN,0.029892,0.124014,0.168536,NaN,NaN,NaN,0.542972,NaN,0.106036,NaN,NaN,NA,AERONET_SEAPRISM,439_491_554_675
AS19-00092,19,GustavDalenTower,2005,8,19,12,27,17.46683,58.59417,0,NaN,2.412637,NaN,NaN,NaN,NaN,0.031171,0.092493,0.162192,NaN,NaN,NaN,0.51551,NaN,0.108883,NaN,NaN,NA,AERONET_SEAPRISM,439_491_554_675
AS19-00093,19,GustavDalenTower,2005,8,19,13,7,17.46683,58.59417,0,NaN,2.866332,NaN,NaN,NaN,NaN,0.028863,0.139286,0.180507,NaN,NaN,NaN,0.56224,NaN,0.109294,NaN,NaN,NA,AERONET_SEAPRISM,439_491_554_675
AS19-00094,19,GustavDalenTower,2005,8,19,13,27,17.46683,58.59417,0,NaN,2.721138,NaN,NaN,NaN,NaN,0.0299,0.108524,0.197384,NaN,NaN,NaN,0.590746,NaN,0.122739,NaN,NaN,NA,AERONET_SEAPRISM,439_491_554_675
AS19-00095,19,GustavDalenTower,2005,8,19,14,7,17.46683,58.59417,0,NaN,3.396883,NaN,NaN,NaN,NaN,0.02942,0.082798,0.157061,NaN,NaN,NaN,0.606752,NaN,0.118251,NaN,NaN,NA,AERONET_SEAPRISM,439_491_554_675
AS19-00096,19,GustavDalenTower,2005,8,20,8,6,17.46683,58.59417,0,NaN,3.390852,NaN,NaN,NaN,NaN,0.048951,0.113201,0.182392,NaN,NaN,NaN,0.581436,NaN,0.101369,NaN,NaN,NA,AERONET_SEAPRISM,439_491_554_675
AS19-00097,19,GustavDalenTower,2005,8,20,12,7,17.46683,58.59417,0,NaN,2.951186,NaN,NaN,NaN,NaN,0.052203,0.140718,0.215905,NaN,NaN,NaN,0.565468,NaN,0.112771,NaN,NaN,NA,AERONET_SEAPRISM,439_491_554_675
AS19-00098,19,GustavDalenTower,2005,8,20,13,7,17.46683,58.59417,0,NaN,3.066817,NaN,NaN,NaN,NaN,0.055673,0.171269,0.193484,NaN,NaN,NaN,0.598595,NaN,0.112814,NaN,NaN,NA,AERONET_SEAPRISM,439_491_554_675
AS19-00099,19,GustavDalenTower,2005,8,20,14,7,17.46683,58.59417,0,NaN,3.075316,NaN,NaN,NaN,NaN,0.062392,0.141365,0.188896,NaN,NaN,NaN,0.590661,NaN,0.113395,NaN,NaN,NA,AERONET_SEAPRISM,439_491_554_675
AS19-00100,19,GustavDalenTower,2005,8,20,14,32,17.46683,58.59417,0,NaN,3.402908,NaN,NaN,NaN,NaN,0.062674,0.089071,0.180064,NaN,NaN,NaN,0.595064,NaN,0.115452,NaN,NaN,NA,AERONET_SEAPRISM,439_491_554_675
AS19-00101,19,GustavDalenTower,2005,8,21,7,42,17.46683,58.59417,0,NaN,2.998304,NaN,NaN,NaN,NaN,0.086446,0.042737,0.12252,NaN,NaN,NaN,0.437718,NaN,0.095326,NaN,NaN,NA,AERONET_SEAPRISM,439_491_554_675
AS19-00102,19,GustavDalenTower,2005,8,21,11,1,17.46683,58.59417,0,NaN,2.719468,NaN,NaN,NaN,NaN,0.067959,0.131302,0.197086,NaN,NaN,NaN,0.549468,NaN,0.107978,NaN,NaN,NA,AERONET_SEAPRISM,439_491_554_675
AS19-00103,19,GustavDalenTower,2005,8,21,13,27,17.46683,58.59417,0,NaN,2.798284,NaN,NaN,NaN,NaN,0.04994,0.158005,0.210681,NaN,NaN,NaN,0.589671,NaN,0.11699,NaN,NaN,NA,AERONET_SEAPRISM,439_491_554_675
AS19-00104,19,GustavDalenTower,2005,8,21,14,6,17.46683,58.59417,0,NaN,3.030483,NaN,NaN,NaN,NaN,0.055575,0.142668,0.160157,NaN,NaN,NaN,0.571944,NaN,0.120254,NaN,NaN,NA,AERONET_SEAPRISM,439_491_554_675
AS19-00105,19,GustavDalenTower,2005,8,22,11,58,17.46683,58.59417,0,NaN,3.478316,NaN,NaN,NaN,NaN,0.034187,0.166534,0.230526,NaN,NaN,NaN,0.658717,NaN,0.131512,NaN,NaN,NA,AERONET_SEAPRISM,439_491_554_675
AS19-00106,19,GustavDalenTower,2005,8,22,12,27,17.46683,58.59417,0,NaN,3.42086,NaN,NaN,NaN,NaN,0.037615,0.157595,0.198596,NaN,NaN,NaN,0.649385,NaN,0.12766,NaN,NaN,NA,AERONET_SEAPRISM,439_491_554_675
AS19-00107,19,GustavDalenTower,2005,8,22,13,6,17.46683,58.59417,0,NaN,3.304463,NaN,NaN,NaN,NaN,0.035111,0.138335,0.217023,NaN,NaN,NaN,0.643469,NaN,0.131358,NaN,NaN,NA,AERONET_SEAPRISM,439_491_554_675
AS19-00108,19,GustavDalenTower,2005,8,22,13,58,17.46683,58.59417,0,NaN,2.846417,NaN,NaN,NaN,NaN,0.031236,0.123815,0.187858,NaN,NaN,NaN,0.571321,NaN,0.116697,NaN,NaN,NA,AERONET_SEAPRISM,439_491_554_675
AS19-00109,19,GustavDalenTower,2005,8,24,11,0,17.46683,58.59417,0,NaN,2.703684,NaN,NaN,NaN,NaN,0.117705,0.214348,0.251689,NaN,NaN,NaN,0.678881,NaN,0.127364,NaN,NaN,NA,AERONET_SEAPRISM,439_491_554_675
AS19-00110,19,GustavDalenTower,2005,8,24,12,6,17.46683,58.59417,0,NaN,2.811436,NaN,NaN,NaN,NaN,0.087039,0.16381,0.246736,NaN,NaN,NaN,0.66705,NaN,0.124463,NaN,NaN,NA,AERONET_SEAPRISM,439_491_554_675
AS19-00111,19,GustavDalenTower,2005,8,24,13,6,17.46683,58.59417,0,NaN,3.021796,NaN,NaN,NaN,NaN,0.114329,0.168231,0.211438,NaN,NaN,NaN,0.636156,NaN,0.110979,NaN,NaN,NA,AERONET_SEAPRISM,439_491_554_675
AS19-00112,19,GustavDalenTower,2005,8,24,13,26,17.46683,58.59417,0,NaN,3.014912,NaN,NaN,NaN,NaN,0.123029,0.122506,0.209863,NaN,NaN,NaN,0.60155,NaN,0.112953,NaN,NaN,NA,AERONET_SEAPRISM,439_491_554_675
AS19-00113,19,GustavDalenTower,2005,8,26,14,5,17.46683,58.59417,0,NaN,2.994429,NaN,NaN,NaN,NaN,0.025149,-0.002812,0.090841,NaN,NaN,NaN,0.3823,NaN,0.124704,NaN,NaN,NA,AERONET_SEAPRISM,439_491_554_675
AS19-00114,19,GustavDalenTower,2005,8,27,9,58,17.46683,58.59417,0,NaN,1.829463,NaN,NaN,NaN,NaN,0.051788,0.044658,0.152252,NaN,NaN,NaN,0.433761,NaN,0.10984,NaN,NaN,NA,AERONET_SEAPRISM,439_491_554_675
AS19-00115,19,GustavDalenTower,2005,8,27,10,26,17.46683,58.59417,0,NaN,1.928318,NaN,NaN,NaN,NaN,0.056173,0.06463,0.118633,NaN,NaN,NaN,0.418458,NaN,0.112996,NaN,NaN,NA,AERONET_SEAPRISM,439_491_554_675
AS19-00116,19,GustavDalenTower,2005,8,27,14,5,17.46683,58.59417,0,NaN,0.354525,NaN,NaN,NaN,NaN,0.054789,0.028405,0.094626,NaN,NaN,NaN,0.101396,NaN,0.133024,NaN,NaN,NA,AERONET_SEAPRISM,439_491_554_675
AS19-00117,19,GustavDalenTower,2005,8,28,14,5,17.46683,58.59417,0,NaN,2.283279,NaN,NaN,NaN,NaN,0.025737,-0.038118,0.064033,NaN,NaN,NaN,0.365573,NaN,0.09369,NaN,NaN,NA,AERONET_SEAPRISM,439_491_554_675
AS19-00118,19,GustavDalenTower,2005,8,29,12,4,17.46683,58.59417,0,NaN,2.405104,NaN,NaN,NaN,NaN,0.03401,0.105724,0.16295,NaN,NaN,NaN,0.382685,NaN,0.094985,NaN,NaN,NA,AERONET_SEAPRISM,439_491_554_675
AS19-00119,19,GustavDalenTower,2005,8,30,12,4,17.46683,58.59417,0,NaN,2.655722,NaN,NaN,NaN,NaN,0.041931,0.042488,0.090698,NaN,NaN,NaN,0.352356,NaN,0.086338,NaN,NaN,NA,AERONET_SEAPRISM,439_491_554_675
AS19-00120,19,GustavDalenTower,2005,8,30,13,4,17.46683,58.59417,0,NaN,3.144261,NaN,NaN,NaN,NaN,0.044879,0.030765,0.069592,NaN,NaN,NaN,0.34446,NaN,0.076396,NaN,NaN,NA,AERONET_SEAPRISM,439_491_554_675
AS19-00121,19,GustavDalenTower,2005,8,30,13,25,17.46683,58.59417,0,NaN,2.428196,NaN,NaN,NaN,NaN,0.043994,-0.026408,0.063722,NaN,NaN,NaN,0.358336,NaN,0.069177,NaN,NaN,NA,AERONET_SEAPRISM,439_491_554_675
AS19-00122,19,GustavDalenTower,2005,8,30,14,53,17.46683,58.59417,0,NaN,1.246302,NaN,NaN,NaN,NaN,0.052135,0.455313,0.44078,NaN,NaN,NaN,0.576467,NaN,0.284643,NaN,NaN,NA,AERONET_SEAPRISM,439_491_554_675
AS19-00123,19,GustavDalenTower,2005,8,31,7,38,17.46683,58.59417,0,NaN,1.856515,NaN,NaN,NaN,NaN,0.028922,0.0093,0.08422,NaN,NaN,NaN,0.323709,NaN,0.068631,NaN,NaN,NA,AERONET_SEAPRISM,439_491_554_675
AS19-00124,19,GustavDalenTower,2005,8,31,9,4,17.46683,58.59417,0,NaN,1.926197,NaN,NaN,NaN,NaN,0.026882,0.094199,0.149452,NaN,NaN,NaN,0.39011,NaN,0.08633,NaN,NaN,NA,AERONET_SEAPRISM,439_491_554_675
AS19-00125,19,GustavDalenTower,2005,8,31,13,4,17.46683,58.59417,0,NaN,1.877462,NaN,NaN,NaN,NaN,0.060239,0.085197,0.139846,NaN,NaN,NaN,0.385498,NaN,0.091054,NaN,NaN,NA,AERONET_SEAPRISM,439_491_554_675
AS19-00126,19,GustavDalenTower,2005,9,1,8,24,17.46683,58.59417,0,NaN,2.59567,NaN,NaN,NaN,NaN,0.030099,0.040255,0.153442,NaN,NaN,NaN,0.445084,NaN,0.082437,NaN,NaN,NA,AERONET_SEAPRISM,439_491_554_675
AS19-00127,19,GustavDalenTower,2005,9,1,10,24,17.46683,58.59417,0,NaN,2.180092,NaN,NaN,NaN,NaN,0.026334,0.068687,0.171415,NaN,NaN,NaN,0.450166,NaN,0.083162,NaN,NaN,NA,AERONET_SEAPRISM,439_491_554_675
AS19-00128,19,GustavDalenTower,2005,9,1,12,3,17.46683,58.59417,0,NaN,2.314228,NaN,NaN,NaN,NaN,0.026014,0.090127,0.144188,NaN,NaN,NaN,0.442959,NaN,0.089992,NaN,NaN,NA,AERONET_SEAPRISM,439_491_554_675
AS19-00129,19,GustavDalenTower,2005,9,1,12,24,17.46683,58.59417,0,NaN,2.211943,NaN,NaN,NaN,NaN,0.026458,0.08423,0.171479,NaN,NaN,NaN,0.453092,NaN,0.086728,NaN,NaN,NA,AERONET_SEAPRISM,439_491_554_675
AS19-00130,19,GustavDalenTower,2005,9,1,13,3,17.46683,58.59417,0,NaN,2.379586,NaN,NaN,NaN,NaN,0.026194,0.077289,0.137413,NaN,NaN,NaN,0.429942,NaN,0.081135,NaN,NaN,NA,AERONET_SEAPRISM,439_491_554_675
AS19-00131,19,GustavDalenTower,2005,9,1,13,24,17.46683,58.59417,0,NaN,2.363611,NaN,NaN,NaN,NaN,0.024948,0.088494,0.145542,NaN,NaN,NaN,0.433412,NaN,0.084929,NaN,NaN,NA,AERONET_SEAPRISM,439_491_554_675
AS19-00132,19,GustavDalenTower,2005,9,1,14,3,17.46683,58.59417,0,NaN,2.666746,NaN,NaN,NaN,NaN,0.025101,0.037802,0.101388,NaN,NaN,NaN,0.409444,NaN,0.083773,NaN,NaN,NA,AERONET_SEAPRISM,439_491_554_675
AS19-00133,19,GustavDalenTower,2005,9,1,14,22,17.46683,58.59417,0,NaN,2.798985,NaN,NaN,NaN,NaN,0.025309,0.021631,0.08495,NaN,NaN,NaN,0.401539,NaN,0.076003,NaN,NaN,NA,AERONET_SEAPRISM,439_491_554_675
AS19-00134,19,GustavDalenTower,2005,9,2,12,3,17.46683,58.59417,0,NaN,2.106668,NaN,NaN,NaN,NaN,0.032793,0.091682,0.168843,NaN,NaN,NaN,0.441856,NaN,0.091593,NaN,NaN,NA,AERONET_SEAPRISM,439_491_554_675
AS19-00135,19,GustavDalenTower,2005,9,2,13,3,17.46683,58.59417,0,NaN,2.412039,NaN,NaN,NaN,NaN,0.030061,0.073837,0.144197,NaN,NaN,NaN,0.440362,NaN,0.084935,NaN,NaN,NA,AERONET_SEAPRISM,439_491_554_675
AS19-00136,19,GustavDalenTower,2005,9,2,13,24,17.46683,58.59417,0,NaN,2.423832,NaN,NaN,NaN,NaN,0.029813,0.072296,0.143253,NaN,NaN,NaN,0.43589,NaN,0.083326,NaN,NaN,NA,AERONET_SEAPRISM,439_491_554_675
AS19-00137,19,GustavDalenTower,2005,9,2,14,3,17.46683,58.59417,0,NaN,2.846981,NaN,NaN,NaN,NaN,0.030362,0.00423,0.117183,NaN,NaN,NaN,0.414019,NaN,0.077331,NaN,NaN,NA,AERONET_SEAPRISM,439_491_554_675
AS19-00138,19,GustavDalenTower,2005,9,2,14,22,17.46683,58.59417,0,NaN,3.794857,NaN,NaN,NaN,NaN,0.029826,0.026929,0.101901,NaN,NaN,NaN,0.427191,NaN,0.087643,NaN,NaN,NA,AERONET_SEAPRISM,439_491_554_675
AS19-00139,19,GustavDalenTower,2005,9,3,13,3,17.46683,58.59417,0,NaN,1.949944,NaN,NaN,NaN,NaN,0.047868,0.082071,0.141816,NaN,NaN,NaN,0.386106,NaN,0.08529,NaN,NaN,NA,AERONET_SEAPRISM,439_491_554_675
AS19-00140,19,GustavDalenTower,2005,9,3,13,23,17.46683,58.59417,0,NaN,2.144721,NaN,NaN,NaN,NaN,0.037132,0.118641,0.11852,NaN,NaN,NaN,0.376999,NaN,0.07726,NaN,NaN,NA,AERONET_SEAPRISM,439_491_554_675
AS19-00141,19,GustavDalenTower,2005,9,3,14,3,17.46683,58.59417,0,NaN,2.302924,NaN,NaN,NaN,NaN,0.037622,0.0426,0.11416,NaN,NaN,NaN,0.379313,NaN,0.076127,NaN,NaN,NA,AERONET_SEAPRISM,439_491_554_675
AS19-00142,19,GustavDalenTower,2005,9,3,14,21,17.46683,58.59417,0,NaN,3.03758,NaN,NaN,NaN,NaN,0.038333,0.010205,0.07171,NaN,NaN,NaN,0.357294,NaN,0.063624,NaN,NaN,NA,AERONET_SEAPRISM,439_491_554_675
AS19-00143,19,GustavDalenTower,2005,9,3,14,51,17.46683,58.59417,0,NaN,1.775978,NaN,NaN,NaN,NaN,0.044986,0.179461,0.239981,NaN,NaN,NaN,0.457711,NaN,0.165758,NaN,NaN,NA,AERONET_SEAPRISM,439_491_554_675
AS19-00144,19,GustavDalenTower,2005,9,5,9,2,17.46683,58.59417,0,NaN,1.735508,NaN,NaN,NaN,NaN,0.048779,0.020649,0.117847,NaN,NaN,NaN,0.348022,NaN,0.080496,NaN,NaN,NA,AERONET_SEAPRISM,439_491_554_675
AS19-00145,19,GustavDalenTower,2005,9,6,11,58,17.46683,58.59417,0,NaN,2.095557,NaN,NaN,NaN,NaN,0.107004,0.027137,0.14673,NaN,NaN,NaN,0.404893,NaN,0.098591,NaN,NaN,NA,AERONET_SEAPRISM,439_491_554_675
AS19-00146,19,GustavDalenTower,2005,9,6,13,2,17.46683,58.59417,0,NaN,1.779003,NaN,NaN,NaN,NaN,0.095146,0.04143,0.132963,NaN,NaN,NaN,0.377097,NaN,0.078542,NaN,NaN,NA,AERONET_SEAPRISM,439_491_554_675
AS19-00147,19,GustavDalenTower,2005,9,6,13,22,17.46683,58.59417,0,NaN,2.31367,NaN,NaN,NaN,NaN,0.085695,0.042133,0.104176,NaN,NaN,NaN,0.409618,NaN,0.079667,NaN,NaN,NA,AERONET_SEAPRISM,439_491_554_675
AS19-00148,19,GustavDalenTower,2005,9,8,12,58,17.46683,58.59417,0,NaN,2.484934,NaN,NaN,NaN,NaN,0.056629,0.030411,0.076522,NaN,NaN,NaN,0.329094,NaN,0.065994,NaN,NaN,NA,AERONET_SEAPRISM,439_491_554_675
AS19-00149,19,GustavDalenTower,2005,9,11,12,21,17.46683,58.59417,0,NaN,2.326347,NaN,NaN,NaN,NaN,0.026724,0.094894,0.148205,NaN,NaN,NaN,0.38858,NaN,0.085854,NaN,NaN,NA,AERONET_SEAPRISM,439_491_554_675
AS19-00150,19,GustavDalenTower,2005,9,11,13,0,17.46683,58.59417,0,NaN,1.986163,NaN,NaN,NaN,NaN,0.026817,0.07926,0.114732,NaN,NaN,NaN,0.380735,NaN,0.075579,NaN,NaN,NA,AERONET_SEAPRISM,439_491_554_675
AS19-00151,19,GustavDalenTower,2005,9,11,13,21,17.46683,58.59417,0,NaN,1.559649,NaN,NaN,NaN,NaN,0.027295,0.051433,0.087414,NaN,NaN,NaN,0.352026,NaN,0.082247,NaN,NaN,NA,AERONET_SEAPRISM,439_491_554_675
AS19-00152,19,GustavDalenTower,2005,9,11,13,58,17.46683,58.59417,0,NaN,2.99791,NaN,NaN,NaN,NaN,0.031211,0.032988,0.081092,NaN,NaN,NaN,0.355043,NaN,0.058341,NaN,NaN,NA,AERONET_SEAPRISM,439_491_554_675
AS19-00153,19,GustavDalenTower,2005,9,11,14,19,17.46683,58.59417,0,NaN,3.150843,NaN,NaN,NaN,NaN,0.024599,-0.030785,0.039925,NaN,NaN,NaN,0.338423,NaN,0.070169,NaN,NaN,NA,AERONET_SEAPRISM,439_491_554_675
AS19-00154,19,GustavDalenTower,2005,9,12,14,0,17.46683,58.59417,0,NaN,2.218791,NaN,NaN,NaN,NaN,0.034404,0.021363,0.132269,NaN,NaN,NaN,0.396853,NaN,0.101305,NaN,NaN,NA,AERONET_SEAPRISM,439_491_554_675
AS19-00155,19,GustavDalenTower,2005,9,12,14,56,17.46683,58.59417,0,NaN,1.917313,NaN,NaN,NaN,NaN,0.024514,0.134526,0.242309,NaN,NaN,NaN,0.469432,NaN,0.167058,NaN,NaN,NA,AERONET_SEAPRISM,439_491_554_675
AS19-00156,19,GustavDalenTower,2005,9,16,12,19,17.46683,58.59417,0,NaN,1.781592,NaN,NaN,NaN,NaN,0.01829,0.053758,0.13039,NaN,NaN,NaN,0.378195,NaN,0.097793,NaN,NaN,NA,AERONET_SEAPRISM,439_491_554_675
AS19-00157,19,GustavDalenTower,2005,9,16,12,58,17.46683,58.59417,0,NaN,2.235888,NaN,NaN,NaN,NaN,0.016587,0.018988,0.095536,NaN,NaN,NaN,0.357965,NaN,0.075466,NaN,NaN,NA,AERONET_SEAPRISM,439_491_554_675
AS19-00158,19,GustavDalenTower,2005,9,16,13,19,17.46683,58.59417,0,NaN,1.725292,NaN,NaN,NaN,NaN,0.016574,0.040071,0.10055,NaN,NaN,NaN,0.363253,NaN,0.086411,NaN,NaN,NA,AERONET_SEAPRISM,439_491_554_675
AS19-00159,19,GustavDalenTower,2005,9,16,13,58,17.46683,58.59417,0,NaN,1.986249,NaN,NaN,NaN,NaN,0.017499,-0.046301,0.087336,NaN,NaN,NaN,0.336054,NaN,0.067057,NaN,NaN,NA,AERONET_SEAPRISM,439_491_554_675
AS19-00160,19,GustavDalenTower,2005,9,16,14,17,17.46683,58.59417,0,NaN,3.699892,NaN,NaN,NaN,NaN,0.016074,-0.022837,0.052857,NaN,NaN,NaN,0.330961,NaN,0.075485,NaN,NaN,NA,AERONET_SEAPRISM,439_491_554_675
AS19-00161,19,GustavDalenTower,2005,9,16,14,47,17.46683,58.59417,0,NaN,3.366792,NaN,NaN,NaN,NaN,0.015029,-0.10175,0.005307,NaN,NaN,NaN,0.274331,NaN,0.058651,NaN,NaN,NA,AERONET_SEAPRISM,439_491_554_675
AS19-00162,19,GustavDalenTower,2005,9,17,7,58,17.46683,58.59417,0,NaN,1.432788,NaN,NaN,NaN,NaN,0.016031,-0.010639,0.116501,NaN,NaN,NaN,0.34495,NaN,0.074656,NaN,NaN,NA,AERONET_SEAPRISM,439_491_554_675
AS19-00163,19,GustavDalenTower,2005,9,17,10,18,17.46683,58.59417,0,NaN,1.838229,NaN,NaN,NaN,NaN,0.020425,0.059911,0.147643,NaN,NaN,NaN,0.390063,NaN,0.096504,NaN,NaN,NA,AERONET_SEAPRISM,439_491_554_675
AS19-00164,19,GustavDalenTower,2005,9,17,10,58,17.46683,58.59417,0,NaN,1.650872,NaN,NaN,NaN,NaN,0.018901,0.066654,0.146689,NaN,NaN,NaN,0.374934,NaN,0.090649,NaN,NaN,NA,AERONET_SEAPRISM,439_491_554_675
AS19-00165,19,GustavDalenTower,2005,9,17,11,19,17.46683,58.59417,0,NaN,1.82833,NaN,NaN,NaN,NaN,0.019119,0.060991,0.154818,NaN,NaN,NaN,0.384348,NaN,0.086593,NaN,NaN,NA,AERONET_SEAPRISM,439_491_554_675
AS19-00166,19,GustavDalenTower,2005,9,17,11,58,17.46683,58.59417,0,NaN,1.657829,NaN,NaN,NaN,NaN,0.018544,0.026291,0.13502,NaN,NaN,NaN,0.391799,NaN,0.084982,NaN,NaN,NA,AERONET_SEAPRISM,439_491_554_675
AS19-00167,19,GustavDalenTower,2005,9,17,12,18,17.46683,58.59417,0,NaN,1.727348,NaN,NaN,NaN,NaN,0.018712,0.028561,0.112743,NaN,NaN,NaN,0.383197,NaN,0.077694,NaN,NaN,NA,AERONET_SEAPRISM,439_491_554_675
AS19-00168,19,GustavDalenTower,2005,9,17,12,58,17.46683,58.59417,0,NaN,2.42623,NaN,NaN,NaN,NaN,0.01895,-0.012342,0.07372,NaN,NaN,NaN,0.353379,NaN,0.077044,NaN,NaN,NA,AERONET_SEAPRISM,439_491_554_675
AS19-00169,19,GustavDalenTower,2005,9,17,13,18,17.46683,58.59417,0,NaN,2.294108,NaN,NaN,NaN,NaN,0.01925,0.018332,0.112612,NaN,NaN,NaN,0.336214,NaN,0.069632,NaN,NaN,NA,AERONET_SEAPRISM,439_491_554_675
AS19-00170,19,GustavDalenTower,2005,9,17,13,58,17.46683,58.59417,0,NaN,2.049864,NaN,NaN,NaN,NaN,0.018199,-0.033443,0.083047,NaN,NaN,NaN,0.346505,NaN,0.072615,NaN,NaN,NA,AERONET_SEAPRISM,439_491_554_675
AS19-00171,19,GustavDalenTower,2005,9,17,14,18,17.46683,58.59417,0,NaN,2.736629,NaN,NaN,NaN,NaN,0.016633,-0.057903,0.034326,NaN,NaN,NaN,0.318107,NaN,0.064118,NaN,NaN,NA,AERONET_SEAPRISM,439_491_554_675
AS19-00172,19,GustavDalenTower,2005,9,19,7,57,17.46683,58.59417,0,NaN,1.731627,NaN,NaN,NaN,NaN,0.027512,0.022774,0.156411,NaN,NaN,NaN,0.437385,NaN,0.106463,NaN,NaN,NA,AERONET_SEAPRISM,439_491_554_675
AS19-00173,19,GustavDalenTower,2005,9,19,14,46,17.46683,58.59417,0,NaN,2.43864,NaN,NaN,NaN,NaN,0.031649,-0.066291,0.004938,NaN,NaN,NaN,0.309202,NaN,0.07908,NaN,NaN,NA,AERONET_SEAPRISM,439_491_554_675
AS19-00174,19,GustavDalenTower,2005,9,21,7,56,17.46683,58.59417,0,NaN,2.387993,NaN,NaN,NaN,NaN,0.208134,-0.003069,0.066125,NaN,NaN,NaN,0.286942,NaN,0.065024,NaN,NaN,NA,AERONET_SEAPRISM,439_491_554_675
AS19-00175,19,GustavDalenTower,2005,9,23,13,56,17.46683,58.59417,0,NaN,2.409841,NaN,NaN,NaN,NaN,0.041584,-0.028963,0.062421,NaN,NaN,NaN,0.287462,NaN,0.0541,NaN,NaN,NA,AERONET_SEAPRISM,439_491_554_675
AS19-00176,19,GustavDalenTower,2005,9,23,14,19,17.46683,58.59417,0,NaN,2.014327,NaN,NaN,NaN,NaN,0.039858,-0.082409,0.032113,NaN,NaN,NaN,0.250958,NaN,0.056502,NaN,NaN,NA,AERONET_SEAPRISM,439_491_554_675
AS19-00177,19,GustavDalenTower,2005,9,24,8,16,17.46683,58.59417,0,NaN,1.380567,NaN,NaN,NaN,NaN,0.076561,0.08484,0.129532,NaN,NaN,NaN,0.394973,NaN,0.073281,NaN,NaN,NA,AERONET_SEAPRISM,439_491_554_675
AS19-00178,19,GustavDalenTower,2005,9,24,11,16,17.46683,58.59417,0,NaN,1.585687,NaN,NaN,NaN,NaN,0.091134,0.141484,0.177214,NaN,NaN,NaN,0.3953,NaN,0.105869,NaN,NaN,NA,AERONET_SEAPRISM,439_491_554_675
AS19-00179,19,GustavDalenTower,2005,9,24,11,55,17.46683,58.59417,0,NaN,1.427718,NaN,NaN,NaN,NaN,0.089589,0.083834,0.136662,NaN,NaN,NaN,0.352706,NaN,0.108285,NaN,NaN,NA,AERONET_SEAPRISM,439_491_554_675
AS19-00180,19,GustavDalenTower,2005,9,24,12,16,17.46683,58.59417,0,NaN,1.518865,NaN,NaN,NaN,NaN,0.081379,0.208149,0.231351,NaN,NaN,NaN,0.441948,NaN,0.129136,NaN,NaN,NA,AERONET_SEAPRISM,439_491_554_675
AS19-00181,19,GustavDalenTower,2005,9,25,14,14,17.46683,58.59417,0,NaN,1.642456,NaN,NaN,NaN,NaN,0.138783,0.076328,0.20664,NaN,NaN,NaN,0.42624,NaN,0.145295,NaN,NaN,NA,AERONET_SEAPRISM,439_491_554_675
AS19-00182,19,GustavDalenTower,2005,9,26,11,54,17.46683,58.59417,0,NaN,0.89555,NaN,NaN,NaN,NaN,0.165961,0.237133,0.330098,NaN,NaN,NaN,0.485107,NaN,0.161608,NaN,NaN,NA,AERONET_SEAPRISM,439_491_554_675
AS19-00183,19,GustavDalenTower,2005,9,26,12,15,17.46683,58.59417,0,NaN,1.259611,NaN,NaN,NaN,NaN,0.142711,0.221314,0.257752,NaN,NaN,NaN,0.467651,NaN,0.138588,NaN,NaN,NA,AERONET_SEAPRISM,439_491_554_675
AS19-00184,19,GustavDalenTower,2005,9,26,12,54,17.46683,58.59417,0,NaN,1.334933,NaN,NaN,NaN,NaN,0.13474,0.082923,0.147523,NaN,NaN,NaN,0.370904,NaN,0.107312,NaN,NaN,NA,AERONET_SEAPRISM,439_491_554_675
AS19-00185,19,GustavDalenTower,2005,9,26,13,15,17.46683,58.59417,0,NaN,1.56399,NaN,NaN,NaN,NaN,0.134337,0.213408,0.237484,NaN,NaN,NaN,0.431806,NaN,0.150798,NaN,NaN,NA,AERONET_SEAPRISM,439_491_554_675
AS19-00186,19,GustavDalenTower,2005,9,26,14,13,17.46683,58.59417,0,NaN,1.149858,NaN,NaN,NaN,NaN,0.129384,-0.020146,0.148265,NaN,NaN,NaN,0.389671,NaN,0.155685,NaN,NaN,NA,AERONET_SEAPRISM,439_491_554_675
AS19-00187,19,GustavDalenTower,2005,9,27,10,54,17.46683,58.59417,0,NaN,1.820649,NaN,NaN,NaN,NaN,0.068972,0.150769,0.216547,NaN,NaN,NaN,0.421752,NaN,0.115922,NaN,NaN,NA,AERONET_SEAPRISM,439_491_554_675
AS19-00188,19,GustavDalenTower,2005,9,27,12,15,17.46683,58.59417,0,NaN,1.672969,NaN,NaN,NaN,NaN,0.058598,0.118352,0.143746,NaN,NaN,NaN,0.359379,NaN,0.109726,NaN,NaN,NA,AERONET_SEAPRISM,439_491_554_675
AS19-00189,19,GustavDalenTower,2005,9,30,10,14,17.46683,58.59417,0,NaN,1.976381,NaN,NaN,NaN,NaN,0.040306,-0.006129,0.062077,NaN,NaN,NaN,0.254493,NaN,0.047802,NaN,NaN,NA,AERONET_SEAPRISM,439_491_554_675
AS19-00190,19,GustavDalenTower,2005,9,30,11,14,17.46683,58.59417,0,NaN,1.99443,NaN,NaN,NaN,NaN,0.039899,0.002929,0.064002,NaN,NaN,NaN,0.253757,NaN,0.043542,NaN,NaN,NA,AERONET_SEAPRISM,439_491_554_675
AS19-00191,19,GustavDalenTower,2005,9,30,11,53,17.46683,58.59417,0,NaN,1.775223,NaN,NaN,NaN,NaN,0.037403,0.015673,0.057051,NaN,NaN,NaN,0.263202,NaN,0.047588,NaN,NaN,NA,AERONET_SEAPRISM,439_491_554_675
AS19-00192,19,GustavDalenTower,2005,9,30,12,14,17.46683,58.59417,0,NaN,2.135728,NaN,NaN,NaN,NaN,0.035747,-0.0026,0.050097,NaN,NaN,NaN,0.249813,NaN,0.044446,NaN,NaN,NA,AERONET_SEAPRISM,439_491_554_675
AS19-00193,19,GustavDalenTower,2005,9,30,12,53,17.46683,58.59417,0,NaN,2.49048,NaN,NaN,NaN,NaN,0.033779,-0.049209,0.015093,NaN,NaN,NaN,0.232546,NaN,0.035267,NaN,NaN,NA,AERONET_SEAPRISM,439_491_554_675
AS19-00194,19,GustavDalenTower,2005,9,30,13,14,17.46683,58.59417,0,NaN,2.39705,NaN,NaN,NaN,NaN,0.032162,-0.084363,0.008323,NaN,NaN,NaN,0.207043,NaN,0.033794,NaN,NaN,NA,AERONET_SEAPRISM,439_491_554_675
AS19-00195,19,GustavDalenTower,2005,10,5,8,51,17.46683,58.59417,0,NaN,2.186371,NaN,NaN,NaN,NaN,0.021323,-0.034908,0.055199,NaN,NaN,NaN,0.284739,NaN,0.046638,NaN,NaN,NA,AERONET_SEAPRISM,439_491_554_675
AS19-00196,19,GustavDalenTower,2005,10,5,9,12,17.46683,58.59417,0,NaN,1.923012,NaN,NaN,NaN,NaN,0.022183,-0.004599,0.070365,NaN,NaN,NaN,0.282301,NaN,0.04722,NaN,NaN,NA,AERONET_SEAPRISM,439_491_554_675
AS19-00197,19,GustavDalenTower,2005,10,5,10,12,17.46683,58.59417,0,NaN,1.543359,NaN,NaN,NaN,NaN,0.019944,0.004047,0.093021,NaN,NaN,NaN,0.291138,NaN,0.048974,NaN,NaN,NA,AERONET_SEAPRISM,439_491_554_675
AS19-00198,19,GustavDalenTower,2005,10,5,11,12,17.46683,58.59417,0,NaN,1.825202,NaN,NaN,NaN,NaN,0.019271,0.030794,0.08761,NaN,NaN,NaN,0.2877,NaN,0.049518,NaN,NaN,NA,AERONET_SEAPRISM,439_491_554_675
AS19-00199,19,GustavDalenTower,2005,10,5,12,12,17.46683,58.59417,0,NaN,1.68313,NaN,NaN,NaN,NaN,0.021854,0.004688,0.065682,NaN,NaN,NaN,0.276852,NaN,0.044456,NaN,NaN,NA,AERONET_SEAPRISM,439_491_554_675
AS19-00200,19,GustavDalenTower,2005,10,5,12,51,17.46683,58.59417,0,NaN,1.863521,NaN,NaN,NaN,NaN,0.02357,-0.061942,0.058198,NaN,NaN,NaN,0.261397,NaN,0.03305,NaN,NaN,NA,AERONET_SEAPRISM,439_491_554_675
AS19-00201,19,GustavDalenTower,2005,10,5,13,12,17.46683,58.59417,0,NaN,2.586259,NaN,NaN,NaN,NaN,0.026332,-0.10051,0.003653,NaN,NaN,NaN,0.23152,NaN,0.035302,NaN,NaN,NA,AERONET_SEAPRISM,439_491_554_675
AS19-00202,19,GustavDalenTower,2005,10,6,10,12,17.46683,58.59417,0,NaN,2.019122,NaN,NaN,NaN,NaN,0.021531,0.001966,0.06611,NaN,NaN,NaN,0.321735,NaN,0.050377,NaN,NaN,NA,AERONET_SEAPRISM,439_491_554_675
AS19-00203,19,GustavDalenTower,2005,10,6,10,51,17.46683,58.59417,0,NaN,2.256019,NaN,NaN,NaN,NaN,0.019938,-0.003848,0.047738,NaN,NaN,NaN,0.27329,NaN,0.048767,NaN,NaN,NA,AERONET_SEAPRISM,439_491_554_675
AS19-00204,19,GustavDalenTower,2005,10,6,11,12,17.46683,58.59417,0,NaN,1.639702,NaN,NaN,NaN,NaN,0.020234,-0.033232,0.053351,NaN,NaN,NaN,0.262941,NaN,0.053024,NaN,NaN,NA,AERONET_SEAPRISM,439_491_554_675
AS19-00205,19,GustavDalenTower,2005,10,6,12,12,17.46683,58.59417,0,NaN,1.568555,NaN,NaN,NaN,NaN,0.021495,0.021961,0.069276,NaN,NaN,NaN,0.273557,NaN,0.06006,NaN,NaN,NA,AERONET_SEAPRISM,439_491_554_675
AS19-00206,19,GustavDalenTower,2005,10,6,12,51,17.46683,58.59417,0,NaN,1.814703,NaN,NaN,NaN,NaN,0.021918,0.004037,0.070956,NaN,NaN,NaN,0.248819,NaN,0.041557,NaN,NaN,NA,AERONET_SEAPRISM,439_491_554_675
AS19-00207,19,GustavDalenTower,2005,10,6,13,12,17.46683,58.59417,0,NaN,2.656739,NaN,NaN,NaN,NaN,0.021341,-0.106123,0.011983,NaN,NaN,NaN,0.235485,NaN,0.051153,NaN,NaN,NA,AERONET_SEAPRISM,439_491_554_675
AS19-00208,19,GustavDalenTower,2006,5,8,13,54,17.46683,58.59417,0,NaN,3.223849,NaN,NaN,NaN,NaN,0.061808,0.066994,0.174607,0.304822,NaN,NaN,0.473137,NaN,0.074497,NaN,NaN,NA,AERONET_SEAPRISM,441_491_554_668
AS19-00209,19,GustavDalenTower,2006,5,9,7,18,17.46683,58.59417,0,NaN,2.906746,NaN,NaN,NaN,NaN,0.080293,0.073012,0.119185,0.267126,NaN,NaN,0.398571,NaN,0.064707,NaN,NaN,NA,AERONET_SEAPRISM,441_491_554_668
AS19-00210,19,GustavDalenTower,2006,5,9,11,59,17.46683,58.59417,0,NaN,3.014926,NaN,NaN,NaN,NaN,0.098638,0.107722,0.175244,0.290801,NaN,NaN,0.441289,NaN,0.072476,NaN,NaN,NA,AERONET_SEAPRISM,441_491_554_668
AS19-00211,19,GustavDalenTower,2006,5,9,12,59,17.46683,58.59417,0,NaN,2.451477,NaN,NaN,NaN,NaN,0.102019,0.105302,0.174559,0.290876,NaN,NaN,0.410628,NaN,0.072426,NaN,NaN,NA,AERONET_SEAPRISM,441_491_554_668
AS19-00212,19,GustavDalenTower,2006,5,10,11,20,17.46683,58.59417,0,NaN,2.417419,NaN,NaN,NaN,NaN,0.070842,0.122521,0.186916,0.311448,NaN,NaN,0.437527,NaN,0.075727,NaN,NaN,NA,AERONET_SEAPRISM,441_491_554_668
AS19-00213,19,GustavDalenTower,2006,5,10,11,58,17.46683,58.59417,0,NaN,2.372292,NaN,NaN,NaN,NaN,0.071292,0.129206,0.173349,0.307068,NaN,NaN,0.428143,NaN,0.07261,NaN,NaN,NA,AERONET_SEAPRISM,441_491_554_668
AS19-00214,19,GustavDalenTower,2006,5,10,12,59,17.46683,58.59417,0,NaN,2.383435,NaN,NaN,NaN,NaN,0.065123,0.117516,0.144628,0.305697,NaN,NaN,0.425897,NaN,0.066043,NaN,NaN,NA,AERONET_SEAPRISM,441_491_554_668
AS19-00215,19,GustavDalenTower,2006,5,10,13,53,17.46683,58.59417,0,NaN,2.937931,NaN,NaN,NaN,NaN,0.073715,0.038161,0.146422,0.280328,NaN,NaN,0.420677,NaN,0.074685,NaN,NaN,NA,AERONET_SEAPRISM,441_491_554_668
AS19-00216,19,GustavDalenTower,2006,5,11,5,48,17.46683,58.59417,0,NaN,4.23161,NaN,NaN,NaN,NaN,0.09294,-0.011169,0.119761,0.232472,NaN,NaN,0.396167,NaN,0.057616,NaN,NaN,NA,AERONET_SEAPRISM,441_491_554_668
AS19-00217,19,GustavDalenTower,2006,5,11,13,53,17.46683,58.59417,0,NaN,3.494992,NaN,NaN,NaN,NaN,0.115234,0.028593,0.15893,0.291819,NaN,NaN,0.465555,NaN,0.092716,NaN,NaN,NA,AERONET_SEAPRISM,441_491_554_668
AS19-00218,19,GustavDalenTower,2006,5,13,12,59,17.46683,58.59417,0,NaN,3.905153,NaN,NaN,NaN,NaN,0.037945,0.098753,0.148778,0.24591,NaN,NaN,0.408457,NaN,0.070078,NaN,NaN,NA,AERONET_SEAPRISM,441_491_554_668
AS19-00219,19,GustavDalenTower,2006,5,13,13,20,17.46683,58.59417,0,NaN,2.589915,NaN,NaN,NaN,NaN,0.038421,0.074086,0.143385,0.273331,NaN,NaN,0.392543,NaN,0.070454,NaN,NaN,NA,AERONET_SEAPRISM,441_491_554_668
AS19-00220,19,GustavDalenTower,2006,5,14,5,48,17.46683,58.59417,0,NaN,4.455901,NaN,NaN,NaN,NaN,0.027546,0.027186,0.085154,0.20971,NaN,NaN,0.362825,NaN,0.057607,NaN,NaN,NA,AERONET_SEAPRISM,441_491_554_668
AS19-00221,19,GustavDalenTower,2006,5,14,6,18,17.46683,58.59417,0,NaN,3.067427,NaN,NaN,NaN,NaN,0.026442,0.035076,0.110464,0.240704,NaN,NaN,0.366078,NaN,0.069959,NaN,NaN,NA,AERONET_SEAPRISM,441_491_554_668
AS19-00222,19,GustavDalenTower,2006,5,14,6,48,17.46683,58.59417,0,NaN,3.051317,NaN,NaN,NaN,NaN,0.026739,0.071104,0.120887,0.251066,NaN,NaN,0.381365,NaN,0.062065,NaN,NaN,NA,AERONET_SEAPRISM,441_491_554_668
AS19-00223,19,GustavDalenTower,2006,5,14,7,18,17.46683,58.59417,0,NaN,2.5854,NaN,NaN,NaN,NaN,0.028003,0.093166,0.153586,0.28279,NaN,NaN,0.406079,NaN,0.068943,NaN,NaN,NA,AERONET_SEAPRISM,441_491_554_668
AS19-00224,19,GustavDalenTower,2006,5,14,8,59,17.46683,58.59417,0,NaN,2.196067,NaN,NaN,NaN,NaN,0.032595,0.130881,0.185345,0.30862,NaN,NaN,0.419268,NaN,0.07993,NaN,NaN,NA,AERONET_SEAPRISM,441_491_554_668
AS19-00225,19,GustavDalenTower,2006,5,14,9,59,17.46683,58.59417,0,NaN,2.46679,NaN,NaN,NaN,NaN,0.039083,0.124944,0.199408,0.321895,NaN,NaN,0.455639,NaN,0.094715,NaN,NaN,NA,AERONET_SEAPRISM,441_491_554_668
AS19-00226,19,GustavDalenTower,2006,5,15,6,48,17.46683,58.59417,0,NaN,3.061756,NaN,NaN,NaN,NaN,0.031911,0.042477,0.110858,0.245573,NaN,NaN,0.373168,NaN,0.065238,NaN,NaN,NA,AERONET_SEAPRISM,441_491_554_668
AS19-00227,19,GustavDalenTower,2006,5,15,8,59,17.46683,58.59417,0,NaN,2.937725,NaN,NaN,NaN,NaN,0.032312,0.132132,0.180936,0.28844,NaN,NaN,0.434044,NaN,0.08083,NaN,NaN,NA,AERONET_SEAPRISM,441_491_554_668
AS19-00228,19,GustavDalenTower,2006,5,16,11,59,17.46683,58.59417,0,NaN,2.383319,NaN,NaN,NaN,NaN,0.03402,0.113448,0.149572,0.299506,NaN,NaN,0.417555,NaN,0.077222,NaN,NaN,NA,AERONET_SEAPRISM,441_491_554_668
AS19-00229,19,GustavDalenTower,2006,5,16,12,59,17.46683,58.59417,0,NaN,2.718987,NaN,NaN,NaN,NaN,0.034195,0.090845,0.142875,0.276229,NaN,NaN,0.403418,NaN,0.080036,NaN,NaN,NA,AERONET_SEAPRISM,441_491_554_668
AS19-00230,19,GustavDalenTower,2006,5,16,13,53,17.46683,58.59417,0,NaN,2.718996,NaN,NaN,NaN,NaN,0.032997,0.049764,0.107608,0.269599,NaN,NaN,0.392503,NaN,0.06673,NaN,NaN,NA,AERONET_SEAPRISM,441_491_554_668
AS19-00231,19,GustavDalenTower,2006,5,17,6,18,17.46683,58.59417,0,NaN,2.498994,NaN,NaN,NaN,NaN,0.039811,0.042448,0.121755,0.270389,NaN,NaN,0.382751,NaN,0.067923,NaN,NaN,NA,AERONET_SEAPRISM,441_491_554_668
AS19-00232,19,GustavDalenTower,2006,5,17,6,48,17.46683,58.59417,0,NaN,2.378212,NaN,NaN,NaN,NaN,0.044405,0.056459,0.10885,0.29623,NaN,NaN,0.411235,NaN,0.06794,NaN,NaN,NA,AERONET_SEAPRISM,441_491_554_668
AS19-00233,19,GustavDalenTower,2006,5,17,7,18,17.46683,58.59417,0,NaN,2.603038,NaN,NaN,NaN,NaN,0.028246,0.109983,0.155895,0.304494,NaN,NaN,0.437923,NaN,0.072159,NaN,NaN,NA,AERONET_SEAPRISM,441_491_554_668
AS19-00234,19,GustavDalenTower,2006,5,24,6,18,17.46683,58.59417,0,NaN,1.124807,NaN,NaN,NaN,NaN,0.061695,0.274621,0.137654,0.405876,NaN,NaN,0.433548,NaN,0.120992,NaN,NaN,NA,AERONET_SEAPRISM,441_491_554_668
AS19-00235,19,GustavDalenTower,2006,5,27,5,49,17.46683,58.59417,0,NaN,2.473022,NaN,NaN,NaN,NaN,0.021309,0.044715,0.082287,0.247896,NaN,NaN,0.348534,NaN,0.0621,NaN,NaN,NA,AERONET_SEAPRISM,441_491_554_668
AS19-00236,19,GustavDalenTower,2006,5,27,9,21,17.46683,58.59417,0,NaN,1.475507,NaN,NaN,NaN,NaN,0.033504,0.151093,0.218974,0.359572,NaN,NaN,0.42528,NaN,0.079602,NaN,NaN,NA,AERONET_SEAPRISM,441_491_554_668
AS19-00237,19,GustavDalenTower,2006,5,29,6,19,17.46683,58.59417,0,NaN,2.391907,NaN,NaN,NaN,NaN,0.019921,0.103021,0.151572,0.275482,NaN,NaN,0.385062,NaN,0.12638,NaN,NaN,NA,AERONET_SEAPRISM,441_491_554_668
AS19-00238,19,GustavDalenTower,2006,5,29,7,54,17.46683,58.59417,0,NaN,2.042733,NaN,NaN,NaN,NaN,0.020637,0.123758,0.155932,0.306099,NaN,NaN,0.404494,NaN,0.069649,NaN,NaN,NA,AERONET_SEAPRISM,441_491_554_668
AS19-00239,19,GustavDalenTower,2006,5,29,10,0,17.46683,58.59417,0,NaN,1.845492,NaN,NaN,NaN,NaN,0.021168,0.147626,0.231774,0.379208,NaN,NaN,0.48496,NaN,0.100141,NaN,NaN,NA,AERONET_SEAPRISM,441_491_554_668
AS19-00240,19,GustavDalenTower,2006,6,2,12,1,17.46683,58.59417,0,NaN,2.64248,NaN,NaN,NaN,NaN,0.032266,0.161327,0.235248,0.303796,NaN,NaN,0.442273,NaN,0.080902,NaN,NaN,NA,AERONET_SEAPRISM,441_491_554_668
AS19-00241,19,GustavDalenTower,2006,6,2,12,58,17.46683,58.59417,0,NaN,1.68606,NaN,NaN,NaN,NaN,0.033179,0.138572,0.22337,0.364136,NaN,NaN,0.451255,NaN,0.123098,NaN,NaN,NA,AERONET_SEAPRISM,441_491_554_668
AS19-00242,19,GustavDalenTower,2006,6,3,13,1,17.46683,58.59417,0,NaN,2.151588,NaN,NaN,NaN,NaN,0.041366,0.108757,0.158987,0.303522,NaN,NaN,0.408578,NaN,0.072824,NaN,NaN,NA,AERONET_SEAPRISM,441_491_554_668
AS19-00243,19,GustavDalenTower,2006,6,4,7,55,17.46683,58.59417,0,NaN,2.202452,NaN,NaN,NaN,NaN,0.026368,0.129774,0.165933,0.297875,NaN,NaN,0.404615,NaN,0.069221,NaN,NaN,NA,AERONET_SEAPRISM,441_491_554_668
AS19-00244,19,GustavDalenTower,2006,6,4,9,1,17.46683,58.59417,0,NaN,2.105821,NaN,NaN,NaN,NaN,0.031506,0.11739,0.18003,0.311168,NaN,NaN,0.416341,NaN,0.072677,NaN,NaN,NA,AERONET_SEAPRISM,441_491_554_668
AS19-00245,19,GustavDalenTower,2006,6,4,9,22,17.46683,58.59417,0,NaN,1.578952,NaN,NaN,NaN,NaN,0.031141,0.118974,0.183625,0.338462,NaN,NaN,0.409171,NaN,0.083262,NaN,NaN,NA,AERONET_SEAPRISM,441_491_554_668
AS19-00246,19,GustavDalenTower,2006,6,4,10,1,17.46683,58.59417,0,NaN,1.815511,NaN,NaN,NaN,NaN,0.034348,0.145886,0.197021,0.342532,NaN,NaN,0.435143,NaN,0.076456,NaN,NaN,NA,AERONET_SEAPRISM,441_491_554_668
AS19-00247,19,GustavDalenTower,2006,6,4,10,55,17.46683,58.59417,0,NaN,1.846617,NaN,NaN,NaN,NaN,0.043137,0.144588,0.231648,0.344875,NaN,NaN,0.441851,NaN,0.074478,NaN,NaN,NA,AERONET_SEAPRISM,441_491_554_668
AS19-00248,19,GustavDalenTower,2006,6,4,11,22,17.46683,58.59417,0,NaN,1.652895,NaN,NaN,NaN,NaN,0.042418,0.15584,0.209099,0.351704,NaN,NaN,0.432621,NaN,0.089219,NaN,NaN,NA,AERONET_SEAPRISM,441_491_554_668
AS19-00249,19,GustavDalenTower,2006,6,6,7,55,17.46683,58.59417,0,NaN,2.198102,NaN,NaN,NaN,NaN,0.03169,0.112696,0.176459,0.311512,NaN,NaN,0.422952,NaN,0.077577,NaN,NaN,NA,AERONET_SEAPRISM,441_491_554_668
AS19-00250,19,GustavDalenTower,2006,6,8,6,51,17.46683,58.59417,0,NaN,2.666198,NaN,NaN,NaN,NaN,0.046364,0.0484,0.113387,0.261121,NaN,NaN,0.37792,NaN,0.059338,NaN,NaN,NA,AERONET_SEAPRISM,441_491_554_668
AS19-00251,19,GustavDalenTower,2006,6,8,13,23,17.46683,58.59417,0,NaN,2.344089,NaN,NaN,NaN,NaN,0.051281,0.119194,0.191393,0.328195,NaN,NaN,0.455919,NaN,0.10205,NaN,NaN,NA,AERONET_SEAPRISM,441_491_554_668
AS19-00252,19,GustavDalenTower,2006,6,10,5,52,17.46683,58.59417,0,NaN,2.652839,NaN,NaN,NaN,NaN,0.076575,0.070415,0.102817,0.271168,NaN,NaN,0.391201,NaN,0.082944,NaN,NaN,NA,AERONET_SEAPRISM,441_491_554_668
AS19-00253,19,GustavDalenTower,2006,6,10,13,2,17.46683,58.59417,0,NaN,2.444742,NaN,NaN,NaN,NaN,0.046329,0.106835,0.182789,0.336837,NaN,NaN,0.474333,NaN,0.096218,NaN,NaN,NA,AERONET_SEAPRISM,441_491_554_668
AS19-00254,19,GustavDalenTower,2006,6,10,13,23,17.46683,58.59417,0,NaN,2.256475,NaN,NaN,NaN,NaN,0.043966,0.065963,0.1753,0.335621,NaN,NaN,0.459337,NaN,0.092506,NaN,NaN,NA,AERONET_SEAPRISM,441_491_554_668
AS19-00255,19,GustavDalenTower,2006,6,11,13,3,17.46683,58.59417,0,NaN,2.58226,NaN,NaN,NaN,NaN,0.047789,0.123508,0.218239,0.316568,NaN,NaN,0.45615,NaN,0.085889,NaN,NaN,NA,AERONET_SEAPRISM,441_491_554_668
AS19-00256,19,GustavDalenTower,2006,6,11,13,23,17.46683,58.59417,0,NaN,2.78645,NaN,NaN,NaN,NaN,0.048966,0.088746,0.184263,0.313515,NaN,NaN,0.462668,NaN,0.089822,NaN,NaN,NA,AERONET_SEAPRISM,441_491_554_668
AS19-00257,19,GustavDalenTower,2006,6,13,6,22,17.46683,58.59417,0,NaN,1.947775,NaN,NaN,NaN,NaN,0.070167,0.12418,0.191316,0.324255,NaN,NaN,0.422326,NaN,0.089914,NaN,NaN,NA,AERONET_SEAPRISM,441_491_554_668
AS19-00258,19,GustavDalenTower,2006,6,13,13,3,17.46683,58.59417,0,NaN,2.068552,NaN,NaN,NaN,NaN,0.033786,0.16819,0.225822,0.388868,NaN,NaN,0.517101,NaN,0.126846,NaN,NaN,NA,AERONET_SEAPRISM,441_491_554_668
AS19-00259,19,GustavDalenTower,2006,6,13,13,23,17.46683,58.59417,0,NaN,1.660393,NaN,NaN,NaN,NaN,0.034033,0.102913,0.254901,0.424986,NaN,NaN,0.523662,NaN,0.115695,NaN,NaN,NA,AERONET_SEAPRISM,441_491_554_668
AS19-00260,19,GustavDalenTower,2006,6,13,13,57,17.46683,58.59417,0,NaN,1.962603,NaN,NaN,NaN,NaN,0.034963,0.167697,0.207372,0.374149,NaN,NaN,0.48814,NaN,0.10795,NaN,NaN,NA,AERONET_SEAPRISM,441_491_554_668
AS19-00261,19,GustavDalenTower,2006,6,15,9,3,17.46683,58.59417,0,NaN,2.3133,NaN,NaN,NaN,NaN,0.067202,0.140398,0.223691,0.347736,NaN,NaN,0.481605,NaN,0.104589,NaN,NaN,NA,AERONET_SEAPRISM,441_491_554_668
AS19-00262,19,GustavDalenTower,2006,6,16,13,4,17.46683,58.59417,0,NaN,2.190493,NaN,NaN,NaN,NaN,0.079122,0.127149,0.221105,0.341893,NaN,NaN,0.464625,NaN,0.071796,NaN,NaN,NA,AERONET_SEAPRISM,441_491_554_668
AS19-00263,19,GustavDalenTower,2006,6,17,13,24,17.46683,58.59417,0,NaN,2.875417,NaN,NaN,NaN,NaN,0.063433,0.125434,0.193958,0.40267,NaN,NaN,0.599108,NaN,0.131002,NaN,NaN,NA,AERONET_SEAPRISM,441_491_554_668
AS19-00264,19,GustavDalenTower,2006,6,18,13,4,17.46683,58.59417,0,NaN,2.339321,NaN,NaN,NaN,NaN,0.140415,0.180082,0.330832,0.51428,NaN,NaN,0.71505,NaN,0.137999,NaN,NaN,NA,AERONET_SEAPRISM,441_491_554_668
AS19-00265,19,GustavDalenTower,2006,6,18,13,58,17.46683,58.59417,0,NaN,2.311794,NaN,NaN,NaN,NaN,0.133235,0.215491,0.29055,0.638105,NaN,NaN,0.879173,NaN,0.196969,NaN,NaN,NA,AERONET_SEAPRISM,441_491_554_668
AS19-00266,19,GustavDalenTower,2006,6,26,8,0,17.46683,58.59417,0,NaN,2.990312,NaN,NaN,NaN,NaN,0.210424,0.110843,0.113066,0.271799,NaN,NaN,0.409247,NaN,0.063373,NaN,NaN,NA,AERONET_SEAPRISM,441_491_554_668
AS19-00267,19,GustavDalenTower,2006,6,29,13,27,17.46683,58.59417,0,NaN,2.685892,NaN,NaN,NaN,NaN,0.027252,0.15834,0.174049,0.376796,NaN,NaN,0.54714,NaN,0.098481,NaN,NaN,NA,AERONET_SEAPRISM,441_491_554_668
AS19-00268,19,GustavDalenTower,2006,6,29,13,58,17.46683,58.59417,0,NaN,2.837398,NaN,NaN,NaN,NaN,0.028393,0.139828,0.186759,0.347686,NaN,NaN,0.515661,NaN,0.099385,NaN,NaN,NA,AERONET_SEAPRISM,441_491_554_668
AS19-00269,19,GustavDalenTower,2006,6,30,7,58,17.46683,58.59417,0,NaN,2.643559,NaN,NaN,NaN,NaN,0.02198,0.162731,0.211849,0.385816,NaN,NaN,0.558429,NaN,0.111805,NaN,NaN,NA,AERONET_SEAPRISM,441_491_554_668
AS19-00270,19,GustavDalenTower,2006,6,30,9,58,17.46683,58.59417,0,NaN,2.699036,NaN,NaN,NaN,NaN,0.022536,0.216894,0.251963,0.409289,NaN,NaN,0.597764,NaN,0.120416,NaN,NaN,NA,AERONET_SEAPRISM,441_491_554_668
AS19-00271,19,GustavDalenTower,2006,6,30,12,6,17.46683,58.59417,0,NaN,2.81327,NaN,NaN,NaN,NaN,0.020903,0.179594,0.229223,0.399134,NaN,NaN,0.590783,NaN,0.112589,NaN,NaN,NA,AERONET_SEAPRISM,441_491_554_668
AS19-00272,19,GustavDalenTower,2006,6,30,13,6,17.46683,58.59417,0,NaN,3.231705,NaN,NaN,NaN,NaN,0.019616,0.171846,0.236433,0.372137,NaN,NaN,0.579068,NaN,0.111648,NaN,NaN,NA,AERONET_SEAPRISM,441_491_554_668
AS19-00273,19,GustavDalenTower,2006,6,30,13,58,17.46683,58.59417,0,NaN,3.599593,NaN,NaN,NaN,NaN,0.018153,0.124932,0.169662,0.347079,NaN,NaN,0.558616,NaN,0.105103,NaN,NaN,NA,AERONET_SEAPRISM,441_491_554_668
AS19-00274,19,GustavDalenTower,2006,7,1,13,27,17.46683,58.59417,0,NaN,3.253224,NaN,NaN,NaN,NaN,0.024636,0.210791,0.252123,0.422211,NaN,NaN,0.657847,NaN,0.129227,NaN,NaN,NA,AERONET_SEAPRISM,441_491_554_668
AS19-00275,19,GustavDalenTower,2006,7,2,13,27,17.46683,58.59417,0,NaN,3.163503,NaN,NaN,NaN,NaN,0.068909,0.158848,0.215685,0.414264,NaN,NaN,0.637901,NaN,0.107782,NaN,NaN,NA,AERONET_SEAPRISM,441_491_554_668
AS19-00276,19,GustavDalenTower,2006,7,3,8,1,17.46683,58.59417,0,NaN,3.09539,NaN,NaN,NaN,NaN,0.04508,0.171132,0.250834,0.446686,NaN,NaN,0.683361,NaN,0.120435,NaN,NaN,NA,AERONET_SEAPRISM,441_491_554_668
AS19-00277,19,GustavDalenTower,2006,7,3,9,27,17.46683,58.59417,0,NaN,2.87156,NaN,NaN,NaN,NaN,0.040641,0.252156,0.29668,0.456589,NaN,NaN,0.682039,NaN,0.115776,NaN,NaN,NA,AERONET_SEAPRISM,441_491_554_668
AS19-00278,19,GustavDalenTower,2006,7,3,10,27,17.46683,58.59417,0,NaN,3.073971,NaN,NaN,NaN,NaN,0.044267,0.256569,0.31732,0.460365,NaN,NaN,0.704958,NaN,0.145768,NaN,NaN,NA,AERONET_SEAPRISM,441_491_554_668
AS19-00279,19,GustavDalenTower,2006,7,3,14,1,17.46683,58.59417,0,NaN,3.243319,NaN,NaN,NaN,NaN,0.039553,0.174172,0.255946,0.438005,NaN,NaN,0.681499,NaN,0.119513,NaN,NaN,NA,AERONET_SEAPRISM,441_491_554_668
AS19-00280,19,GustavDalenTower,2006,7,5,12,28,17.46683,58.59417,0,NaN,2.975118,NaN,NaN,NaN,NaN,0.060425,0.198475,0.230238,0.435933,NaN,NaN,0.657169,NaN,0.122869,NaN,NaN,NA,AERONET_SEAPRISM,441_491_554_668
AS19-00281,19,GustavDalenTower,2006,7,5,13,7,17.46683,58.59417,0,NaN,2.707156,NaN,NaN,NaN,NaN,0.05745,0.230065,0.289141,0.457045,NaN,NaN,0.668511,NaN,0.118508,NaN,NaN,NA,AERONET_SEAPRISM,441_491_554_668
AS19-00282,19,GustavDalenTower,2006,7,5,13,28,17.46683,58.59417,0,NaN,3.540945,NaN,NaN,NaN,NaN,0.075484,0.162556,0.239452,0.397029,NaN,NaN,0.637281,NaN,0.110545,NaN,NaN,NA,AERONET_SEAPRISM,441_491_554_668
AS19-00283,19,GustavDalenTower,2006,7,6,13,28,17.46683,58.59417,0,NaN,2.826817,NaN,NaN,NaN,NaN,0.050361,0.164096,0.237558,0.426161,NaN,NaN,0.631563,NaN,0.120039,NaN,NaN,NA,AERONET_SEAPRISM,441_491_554_668
AS19-00284,19,GustavDalenTower,2006,7,6,13,58,17.46683,58.59417,0,NaN,2.591615,NaN,NaN,NaN,NaN,0.048315,0.199875,0.244083,0.443921,NaN,NaN,0.638108,NaN,0.114307,NaN,NaN,NA,AERONET_SEAPRISM,441_491_554_668
AS19-00285,19,GustavDalenTower,2006,7,7,7,28,17.46683,58.59417,0,NaN,2.915444,NaN,NaN,NaN,NaN,0.114499,0.166926,0.185927,0.362051,NaN,NaN,0.541735,NaN,0.087656,NaN,NaN,NA,AERONET_SEAPRISM,441_491_554_668
AS19-00286,19,GustavDalenTower,2006,7,7,11,28,17.46683,58.59417,0,NaN,2.687928,NaN,NaN,NaN,NaN,0.104713,0.182291,0.225805,0.396648,NaN,NaN,0.57776,NaN,0.093744,NaN,NaN,NA,AERONET_SEAPRISM,441_491_554_668
AS19-00287,19,GustavDalenTower,2006,7,7,12,28,17.46683,58.59417,0,NaN,2.452237,NaN,NaN,NaN,NaN,0.097885,0.203321,0.255656,0.396755,NaN,NaN,0.560812,NaN,0.102408,NaN,NaN,NA,AERONET_SEAPRISM,441_491_554_668
AS19-00288,19,GustavDalenTower,2006,7,7,12,58,17.46683,58.59417,0,NaN,2.914536,NaN,NaN,NaN,NaN,0.089947,0.157475,0.231573,0.388062,NaN,NaN,0.581872,NaN,0.087759,NaN,NaN,NA,AERONET_SEAPRISM,441_491_554_668
AS19-00289,19,GustavDalenTower,2006,7,7,13,28,17.46683,58.59417,0,NaN,2.456112,NaN,NaN,NaN,NaN,0.096108,0.161168,0.248159,0.422112,NaN,NaN,0.596092,NaN,0.100564,NaN,NaN,NA,AERONET_SEAPRISM,441_491_554_668
AS19-00290,19,GustavDalenTower,2006,7,8,8,11,17.46683,58.59417,0,NaN,2.245802,NaN,NaN,NaN,NaN,0.117371,0.224877,0.270903,0.448314,NaN,NaN,0.613886,NaN,0.129677,NaN,NaN,NA,AERONET_SEAPRISM,441_491_554_668
AS19-00291,19,GustavDalenTower,2006,7,9,10,58,17.46683,58.59417,0,NaN,2.30165,NaN,NaN,NaN,NaN,0.150937,0.249033,0.298951,0.511441,NaN,NaN,0.705988,NaN,0.104568,NaN,NaN,NA,AERONET_SEAPRISM,441_491_554_668
AS19-00292,19,GustavDalenTower,2006,7,10,12,28,17.46683,58.59417,0,NaN,2.988767,NaN,NaN,NaN,NaN,0.064899,0.156396,0.212759,0.356522,NaN,NaN,0.539294,NaN,0.113957,NaN,NaN,NA,AERONET_SEAPRISM,441_491_554_668
AS19-00293,19,GustavDalenTower,2006,7,14,6,51,17.46683,58.59417,0,NaN,4.061018,NaN,NaN,NaN,NaN,0.036118,0.079756,0.116308,0.277974,NaN,NaN,0.465757,NaN,0.113791,NaN,NaN,NA,AERONET_SEAPRISM,441_491_554_668
AS19-00294,19,GustavDalenTower,2006,7,14,7,58,17.46683,58.59417,0,NaN,2.969902,NaN,NaN,NaN,NaN,0.033241,0.091294,0.151963,0.320689,NaN,NaN,0.482447,NaN,0.115007,NaN,NaN,NA,AERONET_SEAPRISM,441_491_554_668
AS19-00295,19,GustavDalenTower,2006,7,14,13,28,17.46683,58.59417,0,NaN,3.10359,NaN,NaN,NaN,NaN,0.026231,0.11883,0.169965,0.330281,NaN,NaN,0.505118,NaN,0.112129,NaN,NaN,NA,AERONET_SEAPRISM,441_491_554_668
AS19-00296,19,GustavDalenTower,2006,7,14,13,58,17.46683,58.59417,0,NaN,3.65869,NaN,NaN,NaN,NaN,0.028191,0.08715,0.205149,0.348053,NaN,NaN,0.564878,NaN,0.111852,NaN,NaN,NA,AERONET_SEAPRISM,441_491_554_668
AS19-00297,19,GustavDalenTower,2006,7,15,9,28,17.46683,58.59417,0,NaN,3.25275,NaN,NaN,NaN,NaN,0.021198,0.159408,0.185934,0.368547,NaN,NaN,0.572797,NaN,0.123517,NaN,NaN,NA,AERONET_SEAPRISM,441_491_554_668
AS19-00298,19,GustavDalenTower,2006,7,16,11,29,17.46683,58.59417,0,NaN,2.794156,NaN,NaN,NaN,NaN,0.041257,0.196921,0.271243,0.437133,NaN,NaN,0.646278,NaN,0.13622,NaN,NaN,NA,AERONET_SEAPRISM,441_491_554_668
AS19-00299,19,GustavDalenTower,2006,7,16,12,28,17.46683,58.59417,0,NaN,2.876857,NaN,NaN,NaN,NaN,0.039667,0.145684,0.232033,0.407032,NaN,NaN,0.607123,NaN,0.114573,NaN,NaN,NA,AERONET_SEAPRISM,441_491_554_668
AS19-00300,19,GustavDalenTower,2006,7,16,13,8,17.46683,58.59417,0,NaN,2.336006,NaN,NaN,NaN,NaN,0.045792,0.145565,0.22253,0.406836,NaN,NaN,0.563943,NaN,0.120236,NaN,NaN,NA,AERONET_SEAPRISM,441_491_554_668
AS19-00301,19,GustavDalenTower,2006,7,16,14,3,17.46683,58.59417,0,NaN,2.396111,NaN,NaN,NaN,NaN,0.045431,0.151405,0.23759,0.431626,NaN,NaN,0.603691,NaN,0.111522,NaN,NaN,NA,AERONET_SEAPRISM,441_491_554_668
AS19-00302,19,GustavDalenTower,2006,7,22,13,9,17.46683,58.59417,0,NaN,2.738568,NaN,NaN,NaN,NaN,0.053221,0.121095,0.199868,0.397341,NaN,NaN,0.581531,NaN,0.123716,NaN,NaN,NA,AERONET_SEAPRISM,441_491_554_668
AS19-00303,19,GustavDalenTower,2006,7,22,13,30,17.46683,58.59417,0,NaN,3.159306,NaN,NaN,NaN,NaN,0.053949,0.106198,0.194888,0.3593,NaN,NaN,0.553328,NaN,0.118409,NaN,NaN,NA,AERONET_SEAPRISM,441_491_554_668
AS19-00304,19,GustavDalenTower,2006,7,23,9,30,17.46683,58.59417,0,NaN,1.631469,NaN,NaN,NaN,NaN,0.102749,0.170958,0.222178,0.430801,NaN,NaN,0.52641,NaN,0.094788,NaN,NaN,NA,AERONET_SEAPRISM,441_491_554_668
AS19-00305,19,GustavDalenTower,2006,7,23,13,9,17.46683,58.59417,0,NaN,2.78617,NaN,NaN,NaN,NaN,0.102962,0.200376,0.25413,0.423361,NaN,NaN,0.624958,NaN,0.102381,NaN,NaN,NA,AERONET_SEAPRISM,441_491_554_668
AS19-00306,19,GustavDalenTower,2006,7,23,13,30,17.46683,58.59417,0,NaN,3.176525,NaN,NaN,NaN,NaN,0.102883,0.177445,0.240333,0.368843,NaN,NaN,0.570748,NaN,0.090932,NaN,NaN,NA,AERONET_SEAPRISM,441_491_554_668
AS19-00307,19,GustavDalenTower,2006,7,23,14,3,17.46683,58.59417,0,NaN,2.850961,NaN,NaN,NaN,NaN,0.12275,0.171156,0.227104,0.412205,NaN,NaN,0.612592,NaN,0.117047,NaN,NaN,NA,AERONET_SEAPRISM,441_491_554_668
AS19-00308,19,GustavDalenTower,2006,7,24,13,9,17.46683,58.59417,0,NaN,2.699695,NaN,NaN,NaN,NaN,0.113053,0.220772,0.278555,0.408211,NaN,NaN,0.597292,NaN,0.107171,NaN,NaN,NA,AERONET_SEAPRISM,441_491_554_668
AS19-00309,19,GustavDalenTower,2006,7,24,13,30,17.46683,58.59417,0,NaN,1.892521,NaN,NaN,NaN,NaN,0.099082,0.211489,0.24881,0.473618,NaN,NaN,0.609654,NaN,0.111362,NaN,NaN,NA,AERONET_SEAPRISM,441_491_554_668
AS19-00310,19,GustavDalenTower,2006,7,24,14,3,17.46683,58.59417,0,NaN,2.015885,NaN,NaN,NaN,NaN,0.098906,0.273757,0.288899,0.444276,NaN,NaN,0.586563,NaN,0.105023,NaN,NaN,NA,AERONET_SEAPRISM,441_491_554_668
AS19-00311,19,GustavDalenTower,2006,7,25,6,58,17.46683,58.59417,0,NaN,2.296085,NaN,NaN,NaN,NaN,0.092746,0.17533,0.196005,0.389266,NaN,NaN,0.535735,NaN,0.09688,NaN,NaN,NA,AERONET_SEAPRISM,441_491_554_668
AS19-00312,19,GustavDalenTower,2006,7,25,13,9,17.46683,58.59417,0,NaN,2.471046,NaN,NaN,NaN,NaN,0.129136,0.184806,0.281301,0.425134,NaN,NaN,0.602804,NaN,0.125424,NaN,NaN,NA,AERONET_SEAPRISM,441_491_554_668
AS19-00313,19,GustavDalenTower,2006,7,26,14,3,17.46683,58.59417,0,NaN,1.942512,NaN,NaN,NaN,NaN,0.039499,0.175844,0.26485,0.429213,NaN,NaN,0.5589,NaN,0.09109,NaN,NaN,NA,AERONET_SEAPRISM,441_491_554_668
AS19-00314,19,GustavDalenTower,2006,7,27,5,58,17.46683,58.59417,0,NaN,1.85288,NaN,NaN,NaN,NaN,0.042014,0.07325,0.136573,0.366639,NaN,NaN,0.466578,NaN,0.075662,NaN,NaN,NA,AERONET_SEAPRISM,441_491_554_668
AS19-00315,19,GustavDalenTower,2006,7,27,11,30,17.46683,58.59417,0,NaN,2.247555,NaN,NaN,NaN,NaN,0.052901,0.205346,0.272102,0.438362,NaN,NaN,0.600683,NaN,0.100769,NaN,NaN,NA,AERONET_SEAPRISM,441_491_554_668
AS19-00316,19,GustavDalenTower,2006,7,29,5,58,17.46683,58.59417,0,NaN,3.187372,NaN,NaN,NaN,NaN,0.074192,0.054176,0.176075,0.323135,NaN,NaN,0.499205,NaN,0.09471,NaN,NaN,NA,AERONET_SEAPRISM,441_491_554_668
AS19-00317,19,GustavDalenTower,2006,7,29,6,28,17.46683,58.59417,0,NaN,2.011604,NaN,NaN,NaN,NaN,0.076723,0.093808,0.214501,0.394437,NaN,NaN,0.518914,NaN,0.108795,NaN,NaN,NA,AERONET_SEAPRISM,441_491_554_668
AS19-00318,19,GustavDalenTower,2006,7,29,6,58,17.46683,58.59417,0,NaN,2.762913,NaN,NaN,NaN,NaN,0.073265,0.134243,0.164593,0.382346,NaN,NaN,0.560237,NaN,0.106259,NaN,NaN,NA,AERONET_SEAPRISM,441_491_554_668
AS19-00319,19,GustavDalenTower,2006,7,30,5,58,17.46683,58.59417,0,NaN,2.076422,NaN,NaN,NaN,NaN,0.086293,0.045589,0.178785,0.360424,NaN,NaN,0.478838,NaN,0.087883,NaN,NaN,NA,AERONET_SEAPRISM,441_491_554_668
AS19-00320,19,GustavDalenTower,2006,7,30,6,28,17.46683,58.59417,0,NaN,1.933192,NaN,NaN,NaN,NaN,0.063735,0.106376,0.196374,0.397229,NaN,NaN,0.514711,NaN,0.100301,NaN,NaN,NA,AERONET_SEAPRISM,441_491_554_668
AS19-00321,19,GustavDalenTower,2006,7,30,7,28,17.46683,58.59417,0,NaN,2.258175,NaN,NaN,NaN,NaN,0.05286,0.149369,0.240339,0.38929,NaN,NaN,0.53427,NaN,0.09597,NaN,NaN,NA,AERONET_SEAPRISM,441_491_554_668
AS19-00322,19,GustavDalenTower,2006,7,30,9,9,17.46683,58.59417,0,NaN,1.818228,NaN,NaN,NaN,NaN,0.04186,0.226707,0.281528,0.455152,NaN,NaN,0.579178,NaN,0.101681,NaN,NaN,NA,AERONET_SEAPRISM,441_491_554_668
AS19-00323,19,GustavDalenTower,2006,7,30,13,30,17.46683,58.59417,0,NaN,1.935428,NaN,NaN,NaN,NaN,0.040971,0.187193,0.240289,0.440526,NaN,NaN,0.571816,NaN,0.093144,NaN,NaN,NA,AERONET_SEAPRISM,441_491_554_668
AS19-00324,19,GustavDalenTower,2006,7,30,14,3,17.46683,58.59417,0,NaN,2.408471,NaN,NaN,NaN,NaN,0.035759,0.153077,0.235169,0.414696,NaN,NaN,0.58131,NaN,0.093164,NaN,NaN,NA,AERONET_SEAPRISM,441_491_554_668
AS19-00325,19,GustavDalenTower,2006,7,30,14,28,17.46683,58.59417,0,NaN,2.217595,NaN,NaN,NaN,NaN,0.045115,0.092888,0.14165,0.431163,NaN,NaN,0.583518,NaN,0.089398,NaN,NaN,NA,AERONET_SEAPRISM,441_491_554_668
AS19-00326,19,GustavDalenTower,2006,8,1,12,9,17.46683,58.59417,0,NaN,2.064821,NaN,NaN,NaN,NaN,0.044961,0.174196,0.236076,0.406273,NaN,NaN,0.53991,NaN,0.109865,NaN,NaN,NA,AERONET_SEAPRISM,441_491_554_668
AS19-00327,19,GustavDalenTower,2006,8,1,12,30,17.46683,58.59417,0,NaN,2.306003,NaN,NaN,NaN,NaN,0.043237,0.152485,0.218595,0.385087,NaN,NaN,0.531684,NaN,0.105923,NaN,NaN,NA,AERONET_SEAPRISM,441_491_554_668
AS19-00328,19,GustavDalenTower,2006,8,1,13,9,17.46683,58.59417,0,NaN,2.414737,NaN,NaN,NaN,NaN,0.045971,0.180399,0.218036,0.384095,NaN,NaN,0.538911,NaN,0.10162,NaN,NaN,NA,AERONET_SEAPRISM,441_491_554_668
AS19-00329,19,GustavDalenTower,2006,8,1,13,30,17.46683,58.59417,0,NaN,2.347258,NaN,NaN,NaN,NaN,0.046571,0.17144,0.227184,0.378903,NaN,NaN,0.526837,NaN,0.099385,NaN,NaN,NA,AERONET_SEAPRISM,441_491_554_668
AS19-00330,19,GustavDalenTower,2006,8,1,14,3,17.46683,58.59417,0,NaN,1.997064,NaN,NaN,NaN,NaN,0.055553,0.147242,0.218946,0.392452,NaN,NaN,0.515189,NaN,0.105192,NaN,NaN,NA,AERONET_SEAPRISM,441_491_554_668
AS19-00331,19,GustavDalenTower,2006,8,4,12,30,17.46683,58.59417,0,NaN,1.813069,NaN,NaN,NaN,NaN,0.078562,0.185146,0.238379,0.328945,NaN,NaN,0.419339,NaN,0.096954,NaN,NaN,NA,AERONET_SEAPRISM,441_491_554_668
AS19-00332,19,GustavDalenTower,2006,8,4,13,9,17.46683,58.59417,0,NaN,1.824258,NaN,NaN,NaN,NaN,0.091988,0.120417,0.198821,0.322393,NaN,NaN,0.410698,NaN,0.081287,NaN,NaN,NA,AERONET_SEAPRISM,441_491_554_668
AS19-00333,19,GustavDalenTower,2006,8,4,13,30,17.46683,58.59417,0,NaN,1.562811,NaN,NaN,NaN,NaN,0.065408,0.16105,0.226874,0.361083,NaN,NaN,0.435943,NaN,0.10601,NaN,NaN,NA,AERONET_SEAPRISM,441_491_554_668
AS19-00334,19,GustavDalenTower,2006,8,4,14,3,17.46683,58.59417,0,NaN,1.375812,NaN,NaN,NaN,NaN,0.04334,0.108751,0.198658,0.352259,NaN,NaN,0.406096,NaN,0.098949,NaN,NaN,NA,AERONET_SEAPRISM,441_491_554_668
AS19-00335,19,GustavDalenTower,2006,8,5,5,58,17.46683,58.59417,0,NaN,1.413718,NaN,NaN,NaN,NaN,0.050977,0.088133,0.17806,0.302229,NaN,NaN,0.351975,NaN,0.094539,NaN,NaN,NA,AERONET_SEAPRISM,441_491_554_668
AS19-00336,19,GustavDalenTower,2006,8,5,6,28,17.46683,58.59417,0,NaN,15.554637,NaN,NaN,NaN,NaN,0.055204,0.109586,0.118123,0.121266,NaN,NaN,0.329468,NaN,0.035157,NaN,NaN,NA,AERONET_SEAPRISM,441_491_554_668
AS19-00337,19,GustavDalenTower,2006,8,5,6,58,17.46683,58.59417,0,NaN,1.947157,NaN,NaN,NaN,NaN,0.066645,0.119099,0.170689,0.29604,NaN,NaN,0.385397,NaN,0.093736,NaN,NaN,NA,AERONET_SEAPRISM,441_491_554_668
AS19-00338,19,GustavDalenTower,2006,8,5,7,28,17.46683,58.59417,0,NaN,1.230074,NaN,NaN,NaN,NaN,0.054001,0.077158,0.257135,0.358865,NaN,NaN,0.399462,NaN,0.088424,NaN,NaN,NA,AERONET_SEAPRISM,441_491_554_668
AS19-00339,19,GustavDalenTower,2006,8,5,13,30,17.46683,58.59417,0,NaN,1.588031,NaN,NaN,NaN,NaN,0.075513,0.201619,0.262444,0.351091,NaN,NaN,0.427597,NaN,0.153171,NaN,NaN,NA,AERONET_SEAPRISM,441_491_554_668
AS19-00340,19,GustavDalenTower,2006,8,6,5,57,17.46683,58.59417,0,NaN,1.962268,NaN,NaN,NaN,NaN,0.035502,0.0134,0.135867,0.267716,NaN,NaN,0.348827,NaN,0.076972,NaN,NaN,NA,AERONET_SEAPRISM,441_491_554_668
AS19-00341,19,GustavDalenTower,2006,8,6,9,29,17.46683,58.59417,0,NaN,1.498363,NaN,NaN,NaN,NaN,0.041092,0.163257,0.224212,0.367238,NaN,NaN,0.4367,NaN,0.098545,NaN,NaN,NA,AERONET_SEAPRISM,441_491_554_668
AS19-00342,19,GustavDalenTower,2006,8,6,12,30,17.46683,58.59417,0,NaN,1.748922,NaN,NaN,NaN,NaN,0.039022,0.160117,0.191683,0.332898,NaN,NaN,0.417432,NaN,0.096934,NaN,NaN,NA,AERONET_SEAPRISM,441_491_554_668
AS19-00343,19,GustavDalenTower,2006,8,6,13,9,17.46683,58.59417,0,NaN,1.536945,NaN,NaN,NaN,NaN,0.037737,0.134147,0.189363,0.343726,NaN,NaN,0.411734,NaN,0.095872,NaN,NaN,NA,AERONET_SEAPRISM,441_491_554_668
AS19-00344,19,GustavDalenTower,2006,8,6,13,29,17.46683,58.59417,0,NaN,1.859064,NaN,NaN,NaN,NaN,0.03728,0.118745,0.185516,0.317503,NaN,NaN,0.406797,NaN,0.102057,NaN,NaN,NA,AERONET_SEAPRISM,441_491_554_668
AS19-00345,19,GustavDalenTower,2006,8,7,12,9,17.46683,58.59417,0,NaN,2.286026,NaN,NaN,NaN,NaN,0.060461,0.141555,0.22362,0.340301,NaN,NaN,0.469532,NaN,0.090531,NaN,NaN,NA,AERONET_SEAPRISM,441_491_554_668
AS19-00346,19,GustavDalenTower,2006,8,7,12,29,17.46683,58.59417,0,NaN,2.068106,NaN,NaN,NaN,NaN,0.058164,0.144103,0.213596,0.346097,NaN,NaN,0.460635,NaN,0.100673,NaN,NaN,NA,AERONET_SEAPRISM,441_491_554_668
AS19-00347,19,GustavDalenTower,2006,8,7,13,9,17.46683,58.59417,0,NaN,2.251957,NaN,NaN,NaN,NaN,0.054623,0.119195,0.201114,0.339789,NaN,NaN,0.465572,NaN,0.097635,NaN,NaN,NA,AERONET_SEAPRISM,441_491_554_668
AS19-00348,19,GustavDalenTower,2006,8,7,13,29,17.46683,58.59417,0,NaN,1.720732,NaN,NaN,NaN,NaN,0.057138,0.114023,0.21436,0.343872,NaN,NaN,0.429294,NaN,0.083146,NaN,NaN,NA,AERONET_SEAPRISM,441_491_554_668
AS19-00349,19,GustavDalenTower,2006,8,7,14,3,17.46683,58.59417,0,NaN,2.218926,NaN,NaN,NaN,NaN,0.064426,0.112142,0.151877,0.292343,NaN,NaN,0.39774,NaN,0.082993,NaN,NaN,NA,AERONET_SEAPRISM,441_491_554_668
AS19-00350,19,GustavDalenTower,2006,8,9,9,58,17.46683,58.59417,0,NaN,1.305226,NaN,NaN,NaN,NaN,0.098314,0.227342,0.280149,0.445656,NaN,NaN,0.505274,NaN,0.119667,NaN,NaN,NA,AERONET_SEAPRISM,441_491_554_668
AS19-00351,19,GustavDalenTower,2006,8,9,11,29,17.46683,58.59417,0,NaN,1.479647,NaN,NaN,NaN,NaN,0.056961,0.162179,0.248535,0.38516,NaN,NaN,0.456426,NaN,0.096924,NaN,NaN,NA,AERONET_SEAPRISM,441_491_554_668
AS19-00352,19,GustavDalenTower,2006,8,9,11,58,17.46683,58.59417,0,NaN,1.796768,NaN,NaN,NaN,NaN,0.055963,0.14429,0.237809,0.351115,NaN,NaN,0.445635,NaN,0.087281,NaN,NaN,NA,AERONET_SEAPRISM,441_491_554_668
AS19-00353,19,GustavDalenTower,2006,8,9,12,28,17.46683,58.59417,0,NaN,2.161383,NaN,NaN,NaN,NaN,0.051455,0.143192,0.19806,0.340887,NaN,NaN,0.460299,NaN,0.085613,NaN,NaN,NA,AERONET_SEAPRISM,441_491_554_668
AS19-00354,19,GustavDalenTower,2006,8,9,12,58,17.46683,58.59417,0,NaN,1.764585,NaN,NaN,NaN,NaN,0.04394,0.153492,0.182206,0.355273,NaN,NaN,0.446133,NaN,0.097457,NaN,NaN,NA,AERONET_SEAPRISM,441_491_554_668
AS19-00355,19,GustavDalenTower,2006,8,9,13,28,17.46683,58.59417,0,NaN,1.703292,NaN,NaN,NaN,NaN,0.039976,0.147135,0.204958,0.351351,NaN,NaN,0.436611,NaN,0.092778,NaN,NaN,NA,AERONET_SEAPRISM,441_491_554_668
AS19-00356,19,GustavDalenTower,2006,8,9,13,58,17.46683,58.59417,0,NaN,2.175518,NaN,NaN,NaN,NaN,0.042892,0.070957,0.172399,0.312891,NaN,NaN,0.423123,NaN,0.094992,NaN,NaN,NA,AERONET_SEAPRISM,441_491_554_668
AS19-00357,19,GustavDalenTower,2006,8,9,14,27,17.46683,58.59417,0,NaN,2.353364,NaN,NaN,NaN,NaN,0.046306,0.057348,0.153801,0.309181,NaN,NaN,0.429123,NaN,0.10584,NaN,NaN,NA,AERONET_SEAPRISM,441_491_554_668
AS19-00358,19,GustavDalenTower,2006,8,10,9,58,17.46683,58.59417,0,NaN,1.422095,NaN,NaN,NaN,NaN,0.041334,0.163966,0.231151,0.354266,NaN,NaN,0.414122,NaN,0.082009,NaN,NaN,NA,AERONET_SEAPRISM,441_491_554_668
AS19-00359,19,GustavDalenTower,2006,8,10,11,28,17.46683,58.59417,0,NaN,1.465846,NaN,NaN,NaN,NaN,0.042242,0.134249,0.222365,0.35553,NaN,NaN,0.419719,NaN,0.089133,NaN,NaN,NA,AERONET_SEAPRISM,441_491_554_668
AS19-00360,19,GustavDalenTower,2006,8,10,11,58,17.46683,58.59417,0,NaN,1.516564,NaN,NaN,NaN,NaN,0.057397,0.146837,0.217128,0.356,NaN,NaN,0.425118,NaN,0.081931,NaN,NaN,NA,AERONET_SEAPRISM,441_491_554_668
AS19-00361,19,GustavDalenTower,2006,8,10,12,29,17.46683,58.59417,0,NaN,1.524616,NaN,NaN,NaN,NaN,0.045947,0.168073,0.204183,0.34724,NaN,NaN,0.415184,NaN,0.084007,NaN,NaN,NA,AERONET_SEAPRISM,441_491_554_668
AS19-00362,19,GustavDalenTower,2006,8,10,12,58,17.46683,58.59417,0,NaN,1.583889,NaN,NaN,NaN,NaN,0.046339,0.164333,0.206449,0.3505,NaN,NaN,0.424709,NaN,0.090141,NaN,NaN,NA,AERONET_SEAPRISM,441_491_554_668
AS19-00363,19,GustavDalenTower,2006,8,10,13,29,17.46683,58.59417,0,NaN,1.769616,NaN,NaN,NaN,NaN,0.046778,0.178052,0.211599,0.340613,NaN,NaN,0.429379,NaN,0.080565,NaN,NaN,NA,AERONET_SEAPRISM,441_491_554_668
AS19-00364,19,GustavDalenTower,2006,8,10,14,9,17.46683,58.59417,0,NaN,1.903562,NaN,NaN,NaN,NaN,0.040454,0.144586,0.183764,0.347035,NaN,NaN,0.447671,NaN,0.091401,NaN,NaN,NA,AERONET_SEAPRISM,441_491_554_668
AS19-00365,19,GustavDalenTower,2006,8,11,8,8,17.46683,58.59417,0,NaN,1.362216,NaN,NaN,NaN,NaN,0.125881,0.151717,0.257659,0.358198,NaN,NaN,0.413206,NaN,0.084262,NaN,NaN,NA,AERONET_SEAPRISM,441_491_554_668
AS19-00366,19,GustavDalenTower,2006,8,11,13,8,17.46683,58.59417,0,NaN,2.585329,NaN,NaN,NaN,NaN,0.123303,0.038079,0.234426,0.296425,NaN,NaN,0.428446,NaN,0.073293,NaN,NaN,NA,AERONET_SEAPRISM,441_491_554_668
AS19-00367,19,GustavDalenTower,2006,8,15,10,27,17.46683,58.59417,0,NaN,1.134832,NaN,NaN,NaN,NaN,0.040115,0.142126,0.18003,0.326557,NaN,NaN,0.351879,NaN,0.088781,NaN,NaN,NA,AERONET_SEAPRISM,441_491_554_668
AS19-00368,19,GustavDalenTower,2006,8,17,9,58,17.46683,58.59417,0,NaN,1.324932,NaN,NaN,NaN,NaN,0.101167,0.109865,0.246883,0.35681,NaN,NaN,0.407344,NaN,0.091535,NaN,NaN,NA,AERONET_SEAPRISM,441_491_554_668
AS19-00369,19,GustavDalenTower,2006,8,17,10,28,17.46683,58.59417,0,NaN,0.752931,NaN,NaN,NaN,NaN,0.077201,0.15536,0.211369,0.400269,NaN,NaN,0.373536,NaN,0.08599,NaN,NaN,NA,AERONET_SEAPRISM,441_491_554_668
AS19-00370,19,GustavDalenTower,2006,8,17,11,28,17.46683,58.59417,0,NaN,0.932473,NaN,NaN,NaN,NaN,0.073773,0.13577,0.219024,0.37699,NaN,NaN,0.379609,NaN,0.097506,NaN,NaN,NA,AERONET_SEAPRISM,441_491_554_668
AS19-00371,19,GustavDalenTower,2006,8,17,12,28,17.46683,58.59417,0,NaN,1.301811,NaN,NaN,NaN,NaN,0.078189,0.155973,0.21328,0.347873,NaN,NaN,0.393887,NaN,0.101296,NaN,NaN,NA,AERONET_SEAPRISM,441_491_554_668
AS19-00372,19,GustavDalenTower,2006,8,17,13,7,17.46683,58.59417,0,NaN,1.261018,NaN,NaN,NaN,NaN,0.087009,0.139281,0.193328,0.340991,NaN,NaN,0.381364,NaN,0.079703,NaN,NaN,NA,AERONET_SEAPRISM,441_491_554_668
AS19-00373,19,GustavDalenTower,2006,8,17,13,28,17.46683,58.59417,0,NaN,2.129761,NaN,NaN,NaN,NaN,0.082561,0.104559,0.21701,0.286844,NaN,NaN,0.387128,NaN,0.071496,NaN,NaN,NA,AERONET_SEAPRISM,441_491_554_668
AS19-00374,19,GustavDalenTower,2006,8,17,13,58,17.46683,58.59417,0,NaN,1.93438,NaN,NaN,NaN,NaN,0.086134,0.100725,0.16741,0.314909,NaN,NaN,0.408535,NaN,0.089629,NaN,NaN,NA,AERONET_SEAPRISM,441_491_554_668
AS19-00375,19,GustavDalenTower,2006,8,18,8,28,17.46683,58.59417,0,NaN,1.570681,NaN,NaN,NaN,NaN,0.060129,0.136402,0.187101,0.35103,NaN,NaN,0.423481,NaN,0.089327,NaN,NaN,NA,AERONET_SEAPRISM,441_491_554_668
AS19-00376,19,GustavDalenTower,2006,8,18,9,7,17.46683,58.59417,0,NaN,1.400045,NaN,NaN,NaN,NaN,0.065454,0.136112,0.203375,0.370739,NaN,NaN,0.429838,NaN,0.085991,NaN,NaN,NA,AERONET_SEAPRISM,441_491_554_668
AS19-00377,19,GustavDalenTower,2006,8,18,12,28,17.46683,58.59417,0,NaN,1.431794,NaN,NaN,NaN,NaN,0.052315,0.129656,0.209412,0.375083,NaN,NaN,0.438404,NaN,0.086114,NaN,NaN,NA,AERONET_SEAPRISM,441_491_554_668
AS19-00378,19,GustavDalenTower,2006,8,18,13,7,17.46683,58.59417,0,NaN,1.593704,NaN,NaN,NaN,NaN,0.049377,0.129009,0.220229,0.374094,NaN,NaN,0.454272,NaN,0.086973,NaN,NaN,NA,AERONET_SEAPRISM,441_491_554_668
AS19-00379,19,GustavDalenTower,2006,8,18,13,28,17.46683,58.59417,0,NaN,1.519343,NaN,NaN,NaN,NaN,0.04755,0.101766,0.191326,0.361124,NaN,NaN,0.430598,NaN,0.086306,NaN,NaN,NA,AERONET_SEAPRISM,441_491_554_668
AS19-00380,19,GustavDalenTower,2006,8,18,14,7,17.46683,58.59417,0,NaN,1.547176,NaN,NaN,NaN,NaN,0.045536,0.088311,0.17383,0.362611,NaN,NaN,0.434538,NaN,0.083076,NaN,NaN,NA,AERONET_SEAPRISM,441_491_554_668
AS19-00381,19,GustavDalenTower,2006,8,18,14,28,17.46683,58.59417,0,NaN,1.850285,NaN,NaN,NaN,NaN,0.044523,0.089707,0.176922,0.343865,NaN,NaN,0.439034,NaN,0.08244,NaN,NaN,NA,AERONET_SEAPRISM,441_491_554_668
AS19-00382,19,GustavDalenTower,2006,8,19,14,7,17.46683,58.59417,0,NaN,3.826546,NaN,NaN,NaN,NaN,1.494779,0.068988,0.071799,0.204856,NaN,NaN,0.335587,NaN,-0.0928,NaN,NaN,NA,AERONET_SEAPRISM,441_491_554_668
AS19-00383,19,GustavDalenTower,2006,8,20,13,7,17.46683,58.59417,0,NaN,1.941837,NaN,NaN,NaN,NaN,0.058196,0.15447,0.224957,0.412767,NaN,NaN,0.536397,NaN,0.115031,NaN,NaN,NA,AERONET_SEAPRISM,441_491_554_668
AS19-00384,19,GustavDalenTower,2006,8,20,13,28,17.46683,58.59417,0,NaN,1.892063,NaN,NaN,NaN,NaN,0.049373,0.151356,0.23464,0.407878,NaN,NaN,0.525681,NaN,0.116079,NaN,NaN,NA,AERONET_SEAPRISM,441_491_554_668
AS19-00385,19,GustavDalenTower,2006,8,20,14,7,17.46683,58.59417,0,NaN,2.182322,NaN,NaN,NaN,NaN,0.049959,0.128769,0.19792,0.369823,NaN,NaN,0.500449,NaN,0.108967,NaN,NaN,NA,AERONET_SEAPRISM,441_491_554_668
AS19-00386,19,GustavDalenTower,2006,8,22,14,6,17.46683,58.59417,0,NaN,1.7346,NaN,NaN,NaN,NaN,0.029902,0.079011,0.189675,0.356973,NaN,NaN,0.445813,NaN,0.110985,NaN,NaN,NA,AERONET_SEAPRISM,441_491_554_668
AS19-00387,19,GustavDalenTower,2006,8,23,13,58,17.46683,58.59417,0,NaN,1.895527,NaN,NaN,NaN,NaN,0.021668,0.064899,0.190351,0.358403,NaN,NaN,0.461672,NaN,0.109612,NaN,NaN,NA,AERONET_SEAPRISM,441_491_554_668
AS19-00388,19,GustavDalenTower,2006,8,26,12,5,17.46683,58.59417,0,NaN,1.391082,NaN,NaN,NaN,NaN,0.068883,0.10293,0.211235,0.35374,NaN,NaN,0.409737,NaN,0.096281,NaN,NaN,NA,AERONET_SEAPRISM,441_491_554_668
AS19-00389,19,GustavDalenTower,2006,8,26,12,58,17.46683,58.59417,0,NaN,1.584933,NaN,NaN,NaN,NaN,0.064652,0.1172,0.189827,0.347985,NaN,NaN,0.421273,NaN,0.089411,NaN,NaN,NA,AERONET_SEAPRISM,441_491_554_668
AS19-00390,19,GustavDalenTower,2006,8,26,14,5,17.46683,58.59417,0,NaN,1.530805,NaN,NaN,NaN,NaN,0.05902,0.071531,0.179788,0.299156,NaN,NaN,0.35832,NaN,0.066283,NaN,NaN,NA,AERONET_SEAPRISM,441_491_554_668
AS19-00391,19,GustavDalenTower,2006,8,28,13,58,17.46683,58.59417,0,NaN,1.501111,NaN,NaN,NaN,NaN,0.016687,0.084119,0.174584,0.354843,NaN,NaN,0.420909,NaN,0.115708,NaN,NaN,NA,AERONET_SEAPRISM,441_491_554_668
AS19-00392,19,GustavDalenTower,2006,8,29,12,4,17.46683,58.59417,0,NaN,1.195704,NaN,NaN,NaN,NaN,0.033678,0.152675,0.195111,0.34132,NaN,NaN,0.374757,NaN,0.082452,NaN,NaN,NA,AERONET_SEAPRISM,441_491_554_668
AS19-00393,19,GustavDalenTower,2006,8,29,12,25,17.46683,58.59417,0,NaN,1.355693,NaN,NaN,NaN,NaN,0.033891,0.156771,0.152641,0.340706,NaN,NaN,0.389565,NaN,0.081035,NaN,NaN,NA,AERONET_SEAPRISM,441_491_554_668
AS19-00394,19,GustavDalenTower,2006,8,29,12,58,17.46683,58.59417,0,NaN,1.543116,NaN,NaN,NaN,NaN,0.03277,0.093946,0.198843,0.33834,NaN,NaN,0.406245,NaN,0.089862,NaN,NaN,NA,AERONET_SEAPRISM,441_491_554_668
AS19-00395,19,GustavDalenTower,2006,8,29,13,25,17.46683,58.59417,0,NaN,1.436801,NaN,NaN,NaN,NaN,0.035625,0.121981,0.178547,0.302134,NaN,NaN,0.353876,NaN,0.074161,NaN,NaN,NA,AERONET_SEAPRISM,441_491_554_668
AS19-00396,19,GustavDalenTower,2006,8,29,14,5,17.46683,58.59417,0,NaN,1.517561,NaN,NaN,NaN,NaN,0.044925,0.07871,0.153125,0.30536,NaN,NaN,0.363684,NaN,0.078728,NaN,NaN,NA,AERONET_SEAPRISM,441_491_554_668
AS19-00397,19,GustavDalenTower,2006,8,29,14,23,17.46683,58.59417,0,NaN,1.484889,NaN,NaN,NaN,NaN,0.052782,-0.004703,0.140521,0.309823,NaN,NaN,0.365742,NaN,0.09749,NaN,NaN,NA,AERONET_SEAPRISM,441_491_554_668
