;Database,HelsinkiLighthouse,,,,,,,,,,,,,,,,,,,,,,,,,,,,,
;Comments,Abovewater measurement Level 1.5 Screened data DATA USAGE: Due to the research and development phase characterizing AERONET Ocean Color. AOT870 was used for T865,,,,,,,,,,,,,,,,,,,,,,,,,,,,,
;Source,AERONET-Ocean Color Data Download,,,,,,,,,,,,,,,,,,,,,,,,,,,,,
;Acknowledgements,PI(s):Giuseppe_Zibordi giuseppe.zibordi@jrc.it,,,,,,,,,,,,,,,,,,,,,,,,,,,,,
;Reference,http://aeronet.gsfc.nasa.gov/cgi-bin/type_one_station_seaprism_new?site=Helsinki_Lighthouse&nachal=2&level=2&place_code=10,,,,,,,,,,,,,,,,,,,,,,,,,,,,,
;Elevation,00.00m,,,,,,,,,,,,,,,,,,,,,,,,,,,,,
;Missing,NaN,,,,,,,,,,,,,,,,,,,,,,,,,,,,,
ID,DDS_ID,DDS_NAME,Year,Month,Date,Hour,Minute,Longitude,Latitude,Depth,Chla_hplc,Chla_fluor,Kd490,TSM,acdm443,bbp443,T865,exLwn412,exLwn443,exLwn490,exLwn510,exLwn531,exLwn555,exLwn620,exLwn670,exLwn681,exLwn709,Flag,Campaign,Comments
ID,number,dds_name,YYYY,MM,DD,hh,mm,decimal_degrees,decimal_degrees,metre,mg/m3,mg/m3,1/m,g/m3,1/m,1/m,None,mW/cm2/um/sr,mW/cm2/um/sr,mW/cm2/um/sr,mW/cm2/um/sr,mW/cm2/um/sr,mW/cm2/um/sr,mW/cm2/um/sr,mW/cm2/um/sr,mW/cm2/um/sr,mW/cm2/um/sr,BinaryCode,Cruisename,None
String,Integer,String,Long,Integer,Integer,Integer,Integer,Float,Float,Float,Double,Double,Double,Double,Double,Double,Double,Double,Double,Double,Double,Double,Double,Double,Double,Double,Double,Long,String,String
AS20-00001,20,HelsinkiLighthouse,2006,5,17,6,18,24.92636,59.94897,0,NaN,4.837414,NaN,NaN,NaN,NaN,0.050495,0.19411,0.26762,0.377263,NaN,NaN,0.492323,NaN,0.202623,NaN,NaN,NA,AERONET_SEAPRISM,413_441_491_555_668
AS20-00002,20,HelsinkiLighthouse,2006,5,17,6,48,24.92636,59.94897,0,NaN,12.963845,NaN,NaN,NaN,NaN,0.05304,0.027686,0.112625,0.23888,NaN,NaN,0.4408,NaN,0.13575,NaN,NaN,NA,AERONET_SEAPRISM,413_441_491_555_668
AS20-00003,20,HelsinkiLighthouse,2006,5,17,11,50,24.92636,59.94897,0,NaN,12.404197,NaN,NaN,NaN,NaN,0.056561,0.080824,0.151217,0.259515,NaN,NaN,0.473406,NaN,0.139007,NaN,NaN,NA,AERONET_SEAPRISM,413_441_491_555_668
AS20-00004,20,HelsinkiLighthouse,2006,5,17,12,29,24.92636,59.94897,0,NaN,14.071149,NaN,NaN,NaN,NaN,0.058199,0.108261,0.074102,0.25143,NaN,NaN,0.474338,NaN,0.107945,NaN,NaN,NA,AERONET_SEAPRISM,413_441_491_555_668
AS20-00005,20,HelsinkiLighthouse,2006,5,17,12,50,24.92636,59.94897,0,NaN,13.570824,NaN,NaN,NaN,NaN,0.059792,0.086588,0.11668,0.240435,NaN,NaN,0.450854,NaN,0.138991,NaN,NaN,NA,AERONET_SEAPRISM,413_441_491_555_668
AS20-00006,20,HelsinkiLighthouse,2006,5,17,13,48,24.92636,59.94897,0,NaN,11.688073,NaN,NaN,NaN,NaN,0.057669,0.024469,0.105947,0.245987,NaN,NaN,0.437454,NaN,0.14027,NaN,NaN,NA,AERONET_SEAPRISM,413_441_491_555_668
AS20-00007,20,HelsinkiLighthouse,2006,5,17,14,18,24.92636,59.94897,0,NaN,14.616389,NaN,NaN,NaN,NaN,0.052268,0.038866,0.073197,0.217494,NaN,NaN,0.416203,NaN,0.133685,NaN,NaN,NA,AERONET_SEAPRISM,413_441_491_555_668
AS20-00008,20,HelsinkiLighthouse,2006,5,17,14,48,24.92636,59.94897,0,NaN,13.003089,NaN,NaN,NaN,NaN,0.049598,0.014758,0.082335,0.220259,NaN,NaN,0.40556,NaN,0.128541,NaN,NaN,NA,AERONET_SEAPRISM,413_441_491_555_668
AS20-00009,20,HelsinkiLighthouse,2006,5,17,15,18,24.92636,59.94897,0,NaN,17.632333,NaN,NaN,NaN,NaN,0.046819,0.004405,0.034476,0.204196,NaN,NaN,0.413811,NaN,0.102608,NaN,NaN,NA,AERONET_SEAPRISM,413_441_491_555_668
AS20-00010,20,HelsinkiLighthouse,2006,5,22,6,19,24.92636,59.94897,0,NaN,7.817354,NaN,NaN,NaN,NaN,0.053719,0.039819,0.096505,0.209259,NaN,NaN,0.323284,NaN,0.108806,NaN,NaN,NA,AERONET_SEAPRISM,413_441_491_555_668
AS20-00011,20,HelsinkiLighthouse,2006,5,22,6,49,24.92636,59.94897,0,NaN,10.185673,NaN,NaN,NaN,NaN,0.04858,0.036295,0.066387,0.174569,NaN,NaN,0.295455,NaN,0.089254,NaN,NaN,NA,AERONET_SEAPRISM,413_441_491_555_668
AS20-00012,20,HelsinkiLighthouse,2006,5,22,7,24,24.92636,59.94897,0,NaN,9.551229,NaN,NaN,NaN,NaN,0.045585,0.06336,0.109495,0.204639,NaN,NaN,0.340331,NaN,0.097009,NaN,NaN,NA,AERONET_SEAPRISM,413_441_491_555_668
AS20-00013,20,HelsinkiLighthouse,2006,5,22,7,51,24.92636,59.94897,0,NaN,8.658185,NaN,NaN,NaN,NaN,0.046881,0.07128,0.122052,0.199612,NaN,NaN,0.321428,NaN,0.10239,NaN,NaN,NA,AERONET_SEAPRISM,413_441_491_555_668
AS20-00014,20,HelsinkiLighthouse,2006,5,22,8,30,24.92636,59.94897,0,NaN,8.322075,NaN,NaN,NaN,NaN,0.049745,0.095363,0.127778,0.208739,NaN,NaN,0.33142,NaN,0.068079,NaN,NaN,NA,AERONET_SEAPRISM,413_441_491_555_668
AS20-00015,20,HelsinkiLighthouse,2006,5,22,8,51,24.92636,59.94897,0,NaN,7.053679,NaN,NaN,NaN,NaN,0.049435,0.093274,0.134934,0.225452,NaN,NaN,0.337106,NaN,0.098648,NaN,NaN,NA,AERONET_SEAPRISM,413_441_491_555_668
AS20-00016,20,HelsinkiLighthouse,2006,5,24,11,51,24.92636,59.94897,0,NaN,8.713405,NaN,NaN,NaN,NaN,0.069161,0.1116,0.199007,0.203428,NaN,NaN,0.332232,NaN,0.125519,NaN,NaN,NA,AERONET_SEAPRISM,413_441_491_555_668
AS20-00017,20,HelsinkiLighthouse,2006,5,25,4,49,24.92636,59.94897,0,NaN,11.128154,NaN,NaN,NaN,NaN,0.058102,0.049226,0.074577,0.182881,NaN,NaN,0.319508,NaN,0.094804,NaN,NaN,NA,AERONET_SEAPRISM,413_441_491_555_668
AS20-00018,20,HelsinkiLighthouse,2006,5,25,5,19,24.92636,59.94897,0,NaN,12.281208,NaN,NaN,NaN,NaN,0.058552,0.091173,0.052898,0.166674,NaN,NaN,0.300388,NaN,0.11134,NaN,NaN,NA,AERONET_SEAPRISM,413_441_491_555_668
AS20-00019,20,HelsinkiLighthouse,2006,5,25,8,30,24.92636,59.94897,0,NaN,6.970195,NaN,NaN,NaN,NaN,0.080318,0.142513,0.137418,0.203467,NaN,NaN,0.303677,NaN,0.110572,NaN,NaN,NA,AERONET_SEAPRISM,413_441_491_555_668
AS20-00020,20,HelsinkiLighthouse,2006,5,26,9,51,24.92636,59.94897,0,NaN,7.980923,NaN,NaN,NaN,NaN,0.059057,0.093112,0.119731,0.222383,NaN,NaN,0.346998,NaN,0.095833,NaN,NaN,NA,AERONET_SEAPRISM,413_441_491_555_668
AS20-00021,20,HelsinkiLighthouse,2006,5,26,13,51,24.92636,59.94897,0,NaN,9.493769,NaN,NaN,NaN,NaN,0.048838,0.033852,0.089039,0.176836,NaN,NaN,0.293164,NaN,0.097787,NaN,NaN,NA,AERONET_SEAPRISM,413_441_491_555_668
AS20-00022,20,HelsinkiLighthouse,2006,5,26,14,19,24.92636,59.94897,0,NaN,5.895122,NaN,NaN,NaN,NaN,0.051814,0.011738,0.091299,0.182633,NaN,NaN,0.254874,NaN,0.088035,NaN,NaN,NA,AERONET_SEAPRISM,413_441_491_555_668
AS20-00023,20,HelsinkiLighthouse,2006,5,26,14,51,24.92636,59.94897,0,NaN,15.839987,NaN,NaN,NaN,NaN,0.052669,-0.00429,0.055403,0.150569,NaN,NaN,0.296345,NaN,0.084407,NaN,NaN,NA,AERONET_SEAPRISM,413_441_491_555_668
AS20-00024,20,HelsinkiLighthouse,2006,5,26,15,19,24.92636,59.94897,0,NaN,10.251217,NaN,NaN,NaN,NaN,0.053421,-0.030588,0.039201,0.168578,NaN,NaN,0.284572,NaN,0.084967,NaN,NaN,NA,AERONET_SEAPRISM,413_441_491_555_668
AS20-00025,20,HelsinkiLighthouse,2006,5,27,13,51,24.92636,59.94897,0,NaN,11.103793,NaN,NaN,NaN,NaN,0.0255,0.06158,0.091053,0.181256,NaN,NaN,0.317409,NaN,0.087327,NaN,NaN,NA,AERONET_SEAPRISM,413_441_491_555_668
AS20-00026,20,HelsinkiLighthouse,2006,5,28,12,30,24.92636,59.94897,0,NaN,12.04515,NaN,NaN,NaN,NaN,0.020681,0.031481,0.101711,0.189654,NaN,NaN,0.341972,NaN,0.108613,NaN,NaN,NA,AERONET_SEAPRISM,413_441_491_555_668
AS20-00027,20,HelsinkiLighthouse,2006,5,28,12,51,24.92636,59.94897,0,NaN,6.071368,NaN,NaN,NaN,NaN,0.021468,0.061544,0.109072,0.226206,NaN,NaN,0.318953,NaN,0.092336,NaN,NaN,NA,AERONET_SEAPRISM,413_441_491_555_668
AS20-00028,20,HelsinkiLighthouse,2006,5,28,13,25,24.92636,59.94897,0,NaN,4.438617,NaN,NaN,NaN,NaN,0.023157,-0.014249,0.14215,0.210254,NaN,NaN,0.265281,NaN,0.075639,NaN,NaN,NA,AERONET_SEAPRISM,413_441_491_555_668
AS20-00029,20,HelsinkiLighthouse,2006,5,28,13,51,24.92636,59.94897,0,NaN,11.675361,NaN,NaN,NaN,NaN,0.023224,0.029614,0.061182,0.167254,NaN,NaN,0.296696,NaN,0.092114,NaN,NaN,NA,AERONET_SEAPRISM,413_441_491_555_668
AS20-00030,20,HelsinkiLighthouse,2006,5,28,14,19,24.92636,59.94897,0,NaN,13.367265,NaN,NaN,NaN,NaN,0.024022,0.003814,0.073145,0.163406,NaN,NaN,0.304464,NaN,0.096799,NaN,NaN,NA,AERONET_SEAPRISM,413_441_491_555_668
AS20-00031,20,HelsinkiLighthouse,2006,5,28,15,19,24.92636,59.94897,0,NaN,14.701257,NaN,NaN,NaN,NaN,0.020908,-0.072925,0.055759,0.143786,NaN,NaN,0.276155,NaN,0.077962,NaN,NaN,NA,AERONET_SEAPRISM,413_441_491_555_668
AS20-00032,20,HelsinkiLighthouse,2006,5,28,15,49,24.92636,59.94897,0,NaN,18.204015,NaN,NaN,NaN,NaN,0.021309,-0.017542,0.030857,0.147837,NaN,NaN,0.30318,NaN,0.086523,NaN,NaN,NA,AERONET_SEAPRISM,413_441_491_555_668
AS20-00033,20,HelsinkiLighthouse,2006,5,29,5,19,24.92636,59.94897,0,NaN,9.48964,NaN,NaN,NaN,NaN,0.025407,0.004031,0.044967,0.175213,NaN,NaN,0.288089,NaN,0.085494,NaN,NaN,NA,AERONET_SEAPRISM,413_441_491_555_668
AS20-00034,20,HelsinkiLighthouse,2006,5,29,9,31,24.92636,59.94897,0,NaN,6.28318,NaN,NaN,NaN,NaN,0.038646,0.097153,0.168301,0.250614,NaN,NaN,0.360073,NaN,0.097844,NaN,NaN,NA,AERONET_SEAPRISM,413_441_491_555_668
AS20-00035,20,HelsinkiLighthouse,2006,5,29,11,31,24.92636,59.94897,0,NaN,7.9955,NaN,NaN,NaN,NaN,0.025126,0.074632,0.121608,0.22405,NaN,NaN,0.349878,NaN,0.099689,NaN,NaN,NA,AERONET_SEAPRISM,413_441_491_555_668
AS20-00036,20,HelsinkiLighthouse,2006,5,29,11,51,24.92636,59.94897,0,NaN,7.273016,NaN,NaN,NaN,NaN,0.02482,0.079677,0.139164,0.231682,NaN,NaN,0.350314,NaN,0.102587,NaN,NaN,NA,AERONET_SEAPRISM,413_441_491_555_668
AS20-00037,20,HelsinkiLighthouse,2006,5,29,12,31,24.92636,59.94897,0,NaN,13.594729,NaN,NaN,NaN,NaN,0.024634,0.078938,0.113346,0.176424,NaN,NaN,0.332721,NaN,0.10126,NaN,NaN,NA,AERONET_SEAPRISM,413_441_491_555_668
AS20-00038,20,HelsinkiLighthouse,2006,5,29,12,51,24.92636,59.94897,0,NaN,10.089699,NaN,NaN,NaN,NaN,0.026253,0.08704,0.128804,0.217164,NaN,NaN,0.368885,NaN,0.106567,NaN,NaN,NA,AERONET_SEAPRISM,413_441_491_555_668
AS20-00039,20,HelsinkiLighthouse,2006,5,29,13,25,24.92636,59.94897,0,NaN,12.648062,NaN,NaN,NaN,NaN,0.030351,0.111009,0.091592,0.18552,NaN,NaN,0.339704,NaN,0.098008,NaN,NaN,NA,AERONET_SEAPRISM,413_441_491_555_668
AS20-00040,20,HelsinkiLighthouse,2006,5,29,13,51,24.92636,59.94897,0,NaN,8.639685,NaN,NaN,NaN,NaN,0.029741,0.095697,0.082431,0.194545,NaN,NaN,0.311119,NaN,0.092357,NaN,NaN,NA,AERONET_SEAPRISM,413_441_491_555_668
AS20-00041,20,HelsinkiLighthouse,2006,5,29,14,55,24.92636,59.94897,0,NaN,14.621912,NaN,NaN,NaN,NaN,0.035357,0.007157,0.081085,0.148349,NaN,NaN,0.285878,NaN,0.080058,NaN,NaN,NA,AERONET_SEAPRISM,413_441_491_555_668
AS20-00042,20,HelsinkiLighthouse,2006,5,29,15,49,24.92636,59.94897,0,NaN,20.698287,NaN,NaN,NaN,NaN,0.039619,-0.008525,0.02433,0.129138,NaN,NaN,0.276078,NaN,0.082703,NaN,NaN,NA,AERONET_SEAPRISM,413_441_491_555_668
AS20-00043,20,HelsinkiLighthouse,2006,5,30,10,52,24.92636,59.94897,0,NaN,8.307699,NaN,NaN,NaN,NaN,0.032456,0.094309,0.150856,0.222467,NaN,NaN,0.353757,NaN,0.107816,NaN,NaN,NA,AERONET_SEAPRISM,413_441_491_555_668
AS20-00044,20,HelsinkiLighthouse,2006,5,30,11,31,24.92636,59.94897,0,NaN,8.156382,NaN,NaN,NaN,NaN,0.028161,0.106127,0.141107,0.219333,NaN,NaN,0.346096,NaN,0.105379,NaN,NaN,NA,AERONET_SEAPRISM,413_441_491_555_668
AS20-00045,20,HelsinkiLighthouse,2006,5,30,11,52,24.92636,59.94897,0,NaN,9.143776,NaN,NaN,NaN,NaN,0.0303,0.109968,0.128222,0.209525,NaN,NaN,0.343993,NaN,0.102481,NaN,NaN,NA,AERONET_SEAPRISM,413_441_491_555_668
AS20-00046,20,HelsinkiLighthouse,2006,5,31,5,20,24.92636,59.94897,0,NaN,18.073869,NaN,NaN,NaN,NaN,0.0251,-0.015521,0.030104,0.148659,NaN,NaN,0.304081,NaN,0.076956,NaN,NaN,NA,AERONET_SEAPRISM,413_441_491_555_668
AS20-00047,20,HelsinkiLighthouse,2006,5,31,6,52,24.92636,59.94897,0,NaN,11.891398,NaN,NaN,NaN,NaN,0.021831,0.021293,0.079492,0.169842,NaN,NaN,0.304215,NaN,0.089291,NaN,NaN,NA,AERONET_SEAPRISM,413_441_491_555_668
AS20-00048,20,HelsinkiLighthouse,2006,5,31,7,25,24.92636,59.94897,0,NaN,9.470682,NaN,NaN,NaN,NaN,0.021356,0.060921,0.119918,0.19084,NaN,NaN,0.317398,NaN,0.096606,NaN,NaN,NA,AERONET_SEAPRISM,413_441_491_555_668
AS20-00049,20,HelsinkiLighthouse,2006,5,31,7,52,24.92636,59.94897,0,NaN,10.273598,NaN,NaN,NaN,NaN,0.019324,0.052448,0.110339,0.193912,NaN,NaN,0.331218,NaN,0.091362,NaN,NaN,NA,AERONET_SEAPRISM,413_441_491_555_668
AS20-00050,20,HelsinkiLighthouse,2006,5,31,9,31,24.92636,59.94897,0,NaN,2.53015,NaN,NaN,NaN,NaN,0.025585,0.106766,0.143078,0.22711,NaN,NaN,0.229491,NaN,0.106368,NaN,NaN,NA,AERONET_SEAPRISM,413_441_491_555_668
AS20-00051,20,HelsinkiLighthouse,2006,5,31,10,25,24.92636,59.94897,0,NaN,9.368718,NaN,NaN,NaN,NaN,0.026708,0.111927,0.149187,0.217353,NaN,NaN,0.360796,NaN,0.10331,NaN,NaN,NA,AERONET_SEAPRISM,413_441_491_555_668
AS20-00052,20,HelsinkiLighthouse,2006,5,31,12,31,24.92636,59.94897,0,NaN,9.762841,NaN,NaN,NaN,NaN,0.024321,0.081934,0.126155,0.212852,NaN,NaN,0.357401,NaN,0.109175,NaN,NaN,NA,AERONET_SEAPRISM,413_441_491_555_668
AS20-00053,20,HelsinkiLighthouse,2006,5,31,12,52,24.92636,59.94897,0,NaN,10.605127,NaN,NaN,NaN,NaN,0.024228,0.079131,0.115092,0.204286,NaN,NaN,0.352765,NaN,0.105129,NaN,NaN,NA,AERONET_SEAPRISM,413_441_491_555_668
AS20-00054,20,HelsinkiLighthouse,2006,5,31,13,25,24.92636,59.94897,0,NaN,9.681584,NaN,NaN,NaN,NaN,0.024075,0.077639,0.109798,0.197828,NaN,NaN,0.330792,NaN,0.092419,NaN,NaN,NA,AERONET_SEAPRISM,413_441_491_555_668
AS20-00055,20,HelsinkiLighthouse,2006,5,31,14,20,24.92636,59.94897,0,NaN,11.05114,NaN,NaN,NaN,NaN,0.027207,0.043827,0.072671,0.180884,NaN,NaN,0.315196,NaN,0.087933,NaN,NaN,NA,AERONET_SEAPRISM,413_441_491_555_668
AS20-00056,20,HelsinkiLighthouse,2006,5,31,15,50,24.92636,59.94897,0,NaN,15.802355,NaN,NaN,NaN,NaN,0.030747,-0.031465,0.006554,0.125554,NaN,NaN,0.244358,NaN,0.086974,NaN,NaN,NA,AERONET_SEAPRISM,413_441_491_555_668
AS20-00057,20,HelsinkiLighthouse,2006,6,29,10,30,24.92636,59.94897,0,NaN,3.039902,NaN,NaN,NaN,NaN,0.031276,0.373626,0.432121,0.434228,NaN,NaN,0.477826,NaN,0.249749,NaN,NaN,NA,AERONET_SEAPRISM,413_441_491_555_668
AS20-00058,20,HelsinkiLighthouse,2006,6,29,10,57,24.92636,59.94897,0,NaN,12.026356,NaN,NaN,NaN,NaN,0.040425,0.080226,0.080979,0.144497,NaN,NaN,0.260612,NaN,0.065371,NaN,NaN,NA,AERONET_SEAPRISM,413_441_491_555_668
AS20-00059,20,HelsinkiLighthouse,2006,6,29,11,36,24.92636,59.94897,0,NaN,7.989917,NaN,NaN,NaN,NaN,0.038492,0.033979,0.07696,0.166796,NaN,NaN,0.259713,NaN,0.062178,NaN,NaN,NA,AERONET_SEAPRISM,413_441_491_555_668
AS20-00060,20,HelsinkiLighthouse,2006,6,29,11,57,24.92636,59.94897,0,NaN,7.190648,NaN,NaN,NaN,NaN,0.043115,0.115601,0.092156,0.179455,NaN,NaN,0.269461,NaN,0.07192,NaN,NaN,NA,AERONET_SEAPRISM,413_441_491_555_668
AS20-00061,20,HelsinkiLighthouse,2006,6,30,3,27,24.92636,59.94897,0,NaN,NaN,NaN,NaN,NaN,NaN,0.024742,nan,nan,nan,NaN,NaN,nan,NaN,nan,NaN,NaN,NA,AERONET_SEAPRISM,413_441_491_555_668
AS20-00062,20,HelsinkiLighthouse,2006,6,30,5,25,24.92636,59.94897,0,NaN,19.12743,NaN,NaN,NaN,NaN,0.027165,-0.012059,0.039846,0.1406,NaN,NaN,0.293813,NaN,0.08095,NaN,NaN,NA,AERONET_SEAPRISM,413_441_491_555_668
AS20-00063,20,HelsinkiLighthouse,2006,6,30,5,55,24.92636,59.94897,0,NaN,20.765165,NaN,NaN,NaN,NaN,0.026346,-0.030139,0.027554,0.155208,NaN,NaN,0.332045,NaN,0.087432,NaN,NaN,NA,AERONET_SEAPRISM,413_441_491_555_668
AS20-00064,20,HelsinkiLighthouse,2006,6,30,6,25,24.92636,59.94897,0,NaN,15.988989,NaN,NaN,NaN,NaN,0.026113,0.026004,0.07017,0.171242,NaN,NaN,0.338556,NaN,0.098436,NaN,NaN,NA,AERONET_SEAPRISM,413_441_491_555_668
AS20-00065,20,HelsinkiLighthouse,2006,6,30,6,57,24.92636,59.94897,0,NaN,11.386652,NaN,NaN,NaN,NaN,0.026361,0.086117,0.112588,0.194756,NaN,NaN,0.344887,NaN,0.104294,NaN,NaN,NA,AERONET_SEAPRISM,413_441_491_555_668
AS20-00066,20,HelsinkiLighthouse,2006,6,30,9,36,24.92636,59.94897,0,NaN,8.4999,NaN,NaN,NaN,NaN,0.027099,0.073861,0.14996,0.207893,NaN,NaN,0.333759,NaN,0.089834,NaN,NaN,NA,AERONET_SEAPRISM,413_441_491_555_668
AS20-00067,20,HelsinkiLighthouse,2006,6,30,9,57,24.92636,59.94897,0,NaN,6.666663,NaN,NaN,NaN,NaN,0.027356,0.101694,0.118484,0.236231,NaN,NaN,0.344944,NaN,0.099933,NaN,NaN,NA,AERONET_SEAPRISM,413_441_491_555_668
AS20-00068,20,HelsinkiLighthouse,2006,6,30,12,57,24.92636,59.94897,0,NaN,9.488096,NaN,NaN,NaN,NaN,0.039435,0.091111,0.099657,0.206171,NaN,NaN,0.3415,NaN,0.090824,NaN,NaN,NA,AERONET_SEAPRISM,413_441_491_555_668
AS20-00069,20,HelsinkiLighthouse,2006,6,30,13,30,24.92636,59.94897,0,NaN,11.704965,NaN,NaN,NaN,NaN,0.036095,0.100877,0.090934,0.20537,NaN,NaN,0.365549,NaN,0.105499,NaN,NaN,NA,AERONET_SEAPRISM,413_441_491_555_668
AS20-00070,20,HelsinkiLighthouse,2006,6,30,13,57,24.92636,59.94897,0,NaN,15.560521,NaN,NaN,NaN,NaN,0.037844,0.091187,0.09715,0.207648,NaN,NaN,0.407582,NaN,0.100018,NaN,NaN,NA,AERONET_SEAPRISM,413_441_491_555_668
AS20-00071,20,HelsinkiLighthouse,2006,6,30,14,25,24.92636,59.94897,0,NaN,7.271934,NaN,NaN,NaN,NaN,0.039313,0.065293,0.144527,0.328092,NaN,NaN,0.493479,NaN,0.181234,NaN,NaN,NA,AERONET_SEAPRISM,413_441_491_555_668
AS20-00072,20,HelsinkiLighthouse,2006,7,1,4,55,24.92636,59.94897,0,NaN,17.24792,NaN,NaN,NaN,NaN,0.035006,0.04366,0.046636,0.177087,NaN,NaN,0.357364,NaN,0.108043,NaN,NaN,NA,AERONET_SEAPRISM,413_441_491_555_668
AS20-00073,20,HelsinkiLighthouse,2006,7,1,5,25,24.92636,59.94897,0,NaN,9.843475,NaN,NaN,NaN,NaN,0.036875,0.012762,0.093446,0.21578,NaN,NaN,0.361478,NaN,0.096923,NaN,NaN,NA,AERONET_SEAPRISM,413_441_491_555_668
AS20-00074,20,HelsinkiLighthouse,2006,7,1,5,55,24.92636,59.94897,0,NaN,17.577484,NaN,NaN,NaN,NaN,0.038035,0.08538,0.109266,0.208563,NaN,NaN,0.42717,NaN,0.10434,NaN,NaN,NA,AERONET_SEAPRISM,413_441_491_555_668
AS20-00075,20,HelsinkiLighthouse,2006,7,1,6,25,24.92636,59.94897,0,NaN,21.586626,NaN,NaN,NaN,NaN,0.046906,0.055431,0.156457,0.209049,NaN,NaN,0.461463,NaN,0.134453,NaN,NaN,NA,AERONET_SEAPRISM,413_441_491_555_668
AS20-00076,20,HelsinkiLighthouse,2006,7,1,7,31,24.92636,59.94897,0,NaN,17.354358,NaN,NaN,NaN,NaN,0.046206,0.119422,0.12543,0.233433,NaN,NaN,0.476292,NaN,0.137286,NaN,NaN,NA,AERONET_SEAPRISM,413_441_491_555_668
AS20-00077,20,HelsinkiLighthouse,2006,7,1,7,57,24.92636,59.94897,0,NaN,12.603883,NaN,NaN,NaN,NaN,0.04511,0.110055,0.184522,0.253048,NaN,NaN,0.46636,NaN,0.125023,NaN,NaN,NA,AERONET_SEAPRISM,413_441_491_555_668
AS20-00078,20,HelsinkiLighthouse,2006,7,1,9,57,24.92636,59.94897,0,NaN,12.523675,NaN,NaN,NaN,NaN,0.024918,0.180392,0.159932,0.276723,NaN,NaN,0.506381,NaN,0.148893,NaN,NaN,NA,AERONET_SEAPRISM,413_441_491_555_668
AS20-00079,20,HelsinkiLighthouse,2006,7,1,11,37,24.92636,59.94897,0,NaN,12.959963,NaN,NaN,NaN,NaN,0.02044,0.111618,0.164075,0.253587,NaN,NaN,0.470576,NaN,0.129507,NaN,NaN,NA,AERONET_SEAPRISM,413_441_491_555_668
AS20-00080,20,HelsinkiLighthouse,2006,7,1,12,37,24.92636,59.94897,0,NaN,12.901104,NaN,NaN,NaN,NaN,0.018522,0.118567,0.147311,0.248823,NaN,NaN,0.460193,NaN,0.129727,NaN,NaN,NA,AERONET_SEAPRISM,413_441_491_555_668
AS20-00081,20,HelsinkiLighthouse,2006,7,1,12,57,24.92636,59.94897,0,NaN,14.25534,NaN,NaN,NaN,NaN,0.017924,0.072988,0.153853,0.234796,NaN,NaN,0.450187,NaN,0.129818,NaN,NaN,NA,AERONET_SEAPRISM,413_441_491_555_668
AS20-00082,20,HelsinkiLighthouse,2006,7,1,13,31,24.92636,59.94897,0,NaN,13.536834,NaN,NaN,NaN,NaN,0.017331,0.054725,0.141112,0.229025,NaN,NaN,0.430926,NaN,0.114096,NaN,NaN,NA,AERONET_SEAPRISM,413_441_491_555_668
AS20-00083,20,HelsinkiLighthouse,2006,7,1,13,57,24.92636,59.94897,0,NaN,13.572205,NaN,NaN,NaN,NaN,0.022801,0.071954,0.127471,0.22849,NaN,NaN,0.429486,NaN,0.105678,NaN,NaN,NA,AERONET_SEAPRISM,413_441_491_555_668
AS20-00084,20,HelsinkiLighthouse,2006,7,1,14,25,24.92636,59.94897,0,NaN,8.526228,NaN,NaN,NaN,NaN,0.015598,0.060466,0.088677,0.259505,NaN,NaN,0.411945,NaN,0.112858,NaN,NaN,NA,AERONET_SEAPRISM,413_441_491_555_668
AS20-00085,20,HelsinkiLighthouse,2006,7,1,14,55,24.92636,59.94897,0,NaN,12.598892,NaN,NaN,NaN,NaN,0.015224,0.025714,0.090172,0.206463,NaN,NaN,0.376847,NaN,0.106412,NaN,NaN,NA,AERONET_SEAPRISM,413_441_491_555_668
AS20-00086,20,HelsinkiLighthouse,2006,7,1,15,25,24.92636,59.94897,0,NaN,21.081022,NaN,NaN,NaN,NaN,0.014823,-0.012805,0.079186,0.204325,NaN,NaN,0.44233,NaN,0.123906,NaN,NaN,NA,AERONET_SEAPRISM,413_441_491_555_668
AS20-00087,20,HelsinkiLighthouse,2006,7,2,9,57,24.92636,59.94897,0,NaN,13.38464,NaN,NaN,NaN,NaN,0.034421,0.1337,0.176864,0.300322,NaN,NaN,0.562405,NaN,0.150386,NaN,NaN,NA,AERONET_SEAPRISM,413_441_491_555_668
AS20-00088,20,HelsinkiLighthouse,2006,7,2,12,37,24.92636,59.94897,0,NaN,13.742752,NaN,NaN,NaN,NaN,0.032246,0.129257,0.160619,0.302167,NaN,NaN,0.569904,NaN,0.146256,NaN,NaN,NA,AERONET_SEAPRISM,413_441_491_555_668
AS20-00089,20,HelsinkiLighthouse,2006,7,3,12,37,24.92636,59.94897,0,NaN,19.593906,NaN,NaN,NaN,NaN,0.035505,0.121984,0.133606,0.281831,NaN,NaN,0.597354,NaN,0.149409,NaN,NaN,NA,AERONET_SEAPRISM,413_441_491_555_668
AS20-00090,20,HelsinkiLighthouse,2006,7,3,12,58,24.92636,59.94897,0,NaN,14.648274,NaN,NaN,NaN,NaN,0.067959,0.120425,0.149143,0.29192,NaN,NaN,0.562239,NaN,0.1262,NaN,NaN,NA,AERONET_SEAPRISM,413_441_491_555_668
AS20-00091,20,HelsinkiLighthouse,2006,7,4,15,56,24.92636,59.94897,0,NaN,9.550462,NaN,NaN,NaN,NaN,0.0456,0.097865,0.104336,0.228026,NaN,NaN,0.378255,NaN,0.130163,NaN,NaN,NA,AERONET_SEAPRISM,413_441_491_555_668
AS20-00092,20,HelsinkiLighthouse,2006,7,4,16,57,24.92636,59.94897,0,NaN,54.714876,NaN,NaN,NaN,NaN,0.036459,-0.191962,0.087958,0.12249,NaN,NaN,0.361292,NaN,0.111423,NaN,NaN,NA,AERONET_SEAPRISM,413_441_491_555_668
AS20-00093,20,HelsinkiLighthouse,2006,7,5,6,58,24.92636,59.94897,0,NaN,11.407218,NaN,NaN,NaN,NaN,0.04304,0.02103,0.101513,0.216971,NaN,NaN,0.383087,NaN,0.102216,NaN,NaN,NA,AERONET_SEAPRISM,413_441_491_555_668
AS20-00094,20,HelsinkiLighthouse,2006,7,5,11,58,24.92636,59.94897,0,NaN,13.66243,NaN,NaN,NaN,NaN,0.039627,0.070228,0.135194,0.240757,NaN,NaN,0.453621,NaN,0.115279,NaN,NaN,NA,AERONET_SEAPRISM,413_441_491_555_668
AS20-00095,20,HelsinkiLighthouse,2006,7,5,12,37,24.92636,59.94897,0,NaN,13.863801,NaN,NaN,NaN,NaN,0.038816,0.053333,0.109348,0.233058,NaN,NaN,0.439975,NaN,0.114271,NaN,NaN,NA,AERONET_SEAPRISM,413_441_491_555_668
AS20-00096,20,HelsinkiLighthouse,2006,7,5,12,58,24.92636,59.94897,0,NaN,11.697288,NaN,NaN,NaN,NaN,0.038645,0.054162,0.125975,0.24564,NaN,NaN,0.438131,NaN,0.111596,NaN,NaN,NA,AERONET_SEAPRISM,413_441_491_555_668
AS20-00097,20,HelsinkiLighthouse,2006,7,5,13,31,24.92636,59.94897,0,NaN,19.047254,NaN,NaN,NaN,NaN,0.040924,0.067033,0.127696,0.211278,NaN,NaN,0.445552,NaN,0.118669,NaN,NaN,NA,AERONET_SEAPRISM,413_441_491_555_668
AS20-00098,20,HelsinkiLighthouse,2006,7,5,13,58,24.92636,59.94897,0,NaN,15.840799,NaN,NaN,NaN,NaN,0.041637,0.014598,0.088102,0.21303,NaN,NaN,0.419913,NaN,0.119872,NaN,NaN,NA,AERONET_SEAPRISM,413_441_491_555_668
AS20-00099,20,HelsinkiLighthouse,2006,7,5,14,26,24.92636,59.94897,0,NaN,8.829403,NaN,NaN,NaN,NaN,0.042254,0.046194,0.145028,0.24836,NaN,NaN,0.402358,NaN,0.118361,NaN,NaN,NA,AERONET_SEAPRISM,413_441_491_555_668
AS20-00100,20,HelsinkiLighthouse,2006,7,5,15,26,24.92636,59.94897,0,NaN,19.407051,NaN,NaN,NaN,NaN,0.047521,0.038263,0.070888,0.174007,NaN,NaN,0.366854,NaN,0.10652,NaN,NaN,NA,AERONET_SEAPRISM,413_441_491_555_668
AS20-00101,20,HelsinkiLighthouse,2006,7,5,15,56,24.92636,59.94897,0,NaN,29.166943,NaN,NaN,NaN,NaN,0.048062,-0.020471,0.037752,0.157242,NaN,NaN,0.376061,NaN,0.10607,NaN,NaN,NA,AERONET_SEAPRISM,413_441_491_555_668
AS20-00102,20,HelsinkiLighthouse,2006,7,6,13,31,24.92636,59.94897,0,NaN,11.371057,NaN,NaN,NaN,NaN,0.03788,0.072428,0.090475,0.234274,NaN,NaN,0.41208,NaN,0.116995,NaN,NaN,NA,AERONET_SEAPRISM,413_441_491_555_668
AS20-00103,20,HelsinkiLighthouse,2006,7,6,13,58,24.92636,59.94897,0,NaN,12.941321,NaN,NaN,NaN,NaN,0.035753,-0.039523,0.074946,0.222365,NaN,NaN,0.40828,NaN,0.11395,NaN,NaN,NA,AERONET_SEAPRISM,413_441_491_555_668
AS20-00104,20,HelsinkiLighthouse,2006,7,6,14,26,24.92636,59.94897,0,NaN,13.323674,NaN,NaN,NaN,NaN,0.037271,0.106711,0.081761,0.216555,NaN,NaN,0.40212,NaN,0.109386,NaN,NaN,NA,AERONET_SEAPRISM,413_441_491_555_668
AS20-00105,20,HelsinkiLighthouse,2006,7,6,14,56,24.92636,59.94897,0,NaN,12.098517,NaN,NaN,NaN,NaN,0.039626,0.038747,0.063292,0.216335,NaN,NaN,0.387568,NaN,0.106686,NaN,NaN,NA,AERONET_SEAPRISM,413_441_491_555_668
AS20-00106,20,HelsinkiLighthouse,2006,7,6,16,57,24.92636,59.94897,0,NaN,63.731353,NaN,NaN,NaN,NaN,0.060647,-0.094431,0.017097,0.099227,NaN,NaN,0.300884,NaN,0.096782,NaN,NaN,NA,AERONET_SEAPRISM,413_441_491_555_668
AS20-00107,20,HelsinkiLighthouse,2006,7,7,6,58,24.92636,59.94897,0,NaN,8.489194,NaN,NaN,NaN,NaN,0.089492,0.05121,0.137104,0.303951,NaN,NaN,0.48348,NaN,0.130406,NaN,NaN,NA,AERONET_SEAPRISM,413_441_491_555_668
AS20-00108,20,HelsinkiLighthouse,2006,7,7,12,38,24.92636,59.94897,0,NaN,29.929546,NaN,NaN,NaN,NaN,0.091798,0.100206,0.158531,0.230024,NaN,NaN,0.562844,NaN,0.156356,NaN,NaN,NA,AERONET_SEAPRISM,413_441_491_555_668
AS20-00109,20,HelsinkiLighthouse,2006,7,7,12,58,24.92636,59.94897,0,NaN,16.679495,NaN,NaN,NaN,NaN,0.097289,0.068011,0.201085,0.238643,NaN,NaN,0.485315,NaN,0.136244,NaN,NaN,NA,AERONET_SEAPRISM,413_441_491_555_668
AS20-00110,20,HelsinkiLighthouse,2006,7,7,13,32,24.92636,59.94897,0,NaN,39.00623,NaN,NaN,NaN,NaN,0.103267,0.059462,0.08874,0.184962,NaN,NaN,0.488317,NaN,0.119806,NaN,NaN,NA,AERONET_SEAPRISM,413_441_491_555_668
AS20-00111,20,HelsinkiLighthouse,2006,7,7,13,58,24.92636,59.94897,0,NaN,14.198425,NaN,NaN,NaN,NaN,0.099393,0.016835,0.06906,0.236915,NaN,NaN,0.448273,NaN,0.125767,NaN,NaN,NA,AERONET_SEAPRISM,413_441_491_555_668
AS20-00112,20,HelsinkiLighthouse,2006,7,7,14,26,24.92636,59.94897,0,NaN,24.287264,NaN,NaN,NaN,NaN,0.101847,0.070578,0.095192,0.179139,NaN,NaN,0.40795,NaN,0.116639,NaN,NaN,NA,AERONET_SEAPRISM,413_441_491_555_668
AS20-00113,20,HelsinkiLighthouse,2006,7,7,14,56,24.92636,59.94897,0,NaN,25.577223,NaN,NaN,NaN,NaN,0.103912,0.142763,0.142541,0.18816,NaN,NaN,0.438896,NaN,0.108898,NaN,NaN,NA,AERONET_SEAPRISM,413_441_491_555_668
AS20-00114,20,HelsinkiLighthouse,2006,7,7,15,28,24.92636,59.94897,0,NaN,63.083048,NaN,NaN,NaN,NaN,0.10349,-0.054002,0.061183,0.128965,NaN,NaN,0.393762,NaN,0.093021,NaN,NaN,NA,AERONET_SEAPRISM,413_441_491_555_668
AS20-00115,20,HelsinkiLighthouse,2006,7,8,3,26,24.92636,59.94897,0,NaN,NaN,NaN,NaN,NaN,NaN,0.118358,nan,nan,nan,NaN,NaN,nan,NaN,nan,NaN,NaN,NA,AERONET_SEAPRISM,413_441_491_555_668
AS20-00116,20,HelsinkiLighthouse,2006,7,8,12,59,24.92636,59.94897,0,NaN,14.166847,NaN,NaN,NaN,NaN,0.127127,0.100887,0.152008,0.294378,NaN,NaN,0.560696,NaN,0.158297,NaN,NaN,NA,AERONET_SEAPRISM,413_441_491_555_668
AS20-00117,20,HelsinkiLighthouse,2006,7,8,13,32,24.92636,59.94897,0,NaN,15.3352,NaN,NaN,NaN,NaN,0.117963,0.139513,0.128299,0.266813,NaN,NaN,0.521373,NaN,0.141545,NaN,NaN,NA,AERONET_SEAPRISM,413_441_491_555_668
AS20-00118,20,HelsinkiLighthouse,2006,7,8,13,58,24.92636,59.94897,0,NaN,18.390963,NaN,NaN,NaN,NaN,0.118578,0.04525,0.12405,0.25682,NaN,NaN,0.533244,NaN,0.127665,NaN,NaN,NA,AERONET_SEAPRISM,413_441_491_555_668
AS20-00119,20,HelsinkiLighthouse,2006,7,8,14,27,24.92636,59.94897,0,NaN,11.204324,NaN,NaN,NaN,NaN,0.120669,0.103258,0.098294,0.259618,NaN,NaN,0.454215,NaN,0.118535,NaN,NaN,NA,AERONET_SEAPRISM,413_441_491_555_668
AS20-00120,20,HelsinkiLighthouse,2006,7,8,14,56,24.92636,59.94897,0,NaN,23.049213,NaN,NaN,NaN,NaN,0.125808,0.03058,0.08137,0.18781,NaN,NaN,0.41918,NaN,0.118346,NaN,NaN,NA,AERONET_SEAPRISM,413_441_491_555_668
AS20-00121,20,HelsinkiLighthouse,2006,7,8,17,26,24.92636,59.94897,0,NaN,NaN,NaN,NaN,NaN,NaN,0.155774,nan,nan,nan,NaN,NaN,nan,NaN,nan,NaN,NaN,NA,AERONET_SEAPRISM,413_441_491_555_668
AS20-00122,20,HelsinkiLighthouse,2006,7,9,12,38,24.92636,59.94897,0,NaN,17.722255,NaN,NaN,NaN,NaN,0.251337,0.054146,0.088239,0.223867,NaN,NaN,0.457821,NaN,0.104695,NaN,NaN,NA,AERONET_SEAPRISM,413_441_491_555_668
AS20-00123,20,HelsinkiLighthouse,2006,7,9,14,27,24.92636,59.94897,0,NaN,22.18067,NaN,NaN,NaN,NaN,0.123859,0.026207,0.052387,0.209446,NaN,NaN,0.458914,NaN,0.099084,NaN,NaN,NA,AERONET_SEAPRISM,413_441_491_555_668
AS20-00124,20,HelsinkiLighthouse,2006,7,9,14,57,24.92636,59.94897,0,NaN,23.883833,NaN,NaN,NaN,NaN,0.122358,-0.015477,0.065253,0.22521,NaN,NaN,0.506081,NaN,0.099935,NaN,NaN,NA,AERONET_SEAPRISM,413_441_491_555_668
AS20-00125,20,HelsinkiLighthouse,2006,7,10,14,1,24.92636,59.94897,0,NaN,16.727711,NaN,NaN,NaN,NaN,0.089746,0.050712,0.104961,0.258946,NaN,NaN,0.519669,NaN,0.126447,NaN,NaN,NA,AERONET_SEAPRISM,413_441_491_555_668
AS20-00126,20,HelsinkiLighthouse,2006,7,10,14,29,24.92636,59.94897,0,NaN,26.429519,NaN,NaN,NaN,NaN,0.067771,0.027222,0.056514,0.218524,NaN,NaN,0.506783,NaN,0.12156,NaN,NaN,NA,AERONET_SEAPRISM,413_441_491_555_668
AS20-00127,20,HelsinkiLighthouse,2006,7,10,15,29,24.92636,59.94897,0,NaN,16.700257,NaN,NaN,NaN,NaN,0.104484,0.020577,0.012911,0.203537,NaN,NaN,0.403675,NaN,0.109819,NaN,NaN,NA,AERONET_SEAPRISM,413_441_491_555_668
AS20-00128,20,HelsinkiLighthouse,2006,7,11,5,59,24.92636,59.94897,0,NaN,15.161619,NaN,NaN,NaN,NaN,0.048235,0.059807,0.093653,0.272522,NaN,NaN,0.528113,NaN,0.128366,NaN,NaN,NA,AERONET_SEAPRISM,413_441_491_555_668
AS20-00129,20,HelsinkiLighthouse,2006,7,11,7,1,24.92636,59.94897,0,NaN,15.022641,NaN,NaN,NaN,NaN,0.050364,0.10511,0.135302,0.302511,NaN,NaN,0.586399,NaN,0.152965,NaN,NaN,NA,AERONET_SEAPRISM,413_441_491_555_668
AS20-00130,20,HelsinkiLighthouse,2006,7,11,9,40,24.92636,59.94897,0,NaN,14.627816,NaN,NaN,NaN,NaN,0.037119,0.192763,0.202932,0.40142,NaN,NaN,0.772635,NaN,0.178311,NaN,NaN,NA,AERONET_SEAPRISM,413_441_491_555_668
AS20-00131,20,HelsinkiLighthouse,2006,7,12,5,0,24.92636,59.94897,0,NaN,19.410268,NaN,NaN,NaN,NaN,0.101445,0.01012,0.142375,0.265904,NaN,NaN,0.562982,NaN,0.124857,NaN,NaN,NA,AERONET_SEAPRISM,413_441_491_555_668
AS20-00132,20,HelsinkiLighthouse,2006,7,12,14,1,24.92636,59.94897,0,NaN,11.672958,NaN,NaN,NaN,NaN,0.026421,0.142161,0.159514,0.273786,NaN,NaN,0.489094,NaN,0.13864,NaN,NaN,NA,AERONET_SEAPRISM,413_441_491_555_668
AS20-00133,20,HelsinkiLighthouse,2006,7,12,14,29,24.92636,59.94897,0,NaN,7.701048,NaN,NaN,NaN,NaN,0.028729,0.064312,0.119716,0.317601,NaN,NaN,0.486678,NaN,0.125419,NaN,NaN,NA,AERONET_SEAPRISM,413_441_491_555_668
AS20-00134,20,HelsinkiLighthouse,2006,7,12,14,59,24.92636,59.94897,0,NaN,12.081478,NaN,NaN,NaN,NaN,0.031188,0.081605,0.093281,0.26192,NaN,NaN,0.469988,NaN,0.117478,NaN,NaN,NA,AERONET_SEAPRISM,413_441_491_555_668
AS20-00135,20,HelsinkiLighthouse,2006,7,12,15,29,24.92636,59.94897,0,NaN,15.733652,NaN,NaN,NaN,NaN,0.031258,0.054375,0.065641,0.222418,NaN,NaN,0.435725,NaN,0.116995,NaN,NaN,NA,AERONET_SEAPRISM,413_441_491_555_668
AS20-00136,20,HelsinkiLighthouse,2006,7,12,16,36,24.92636,59.94897,0,NaN,22.65574,NaN,NaN,NaN,NaN,0.025183,-0.04737,0.037796,0.196818,NaN,NaN,0.433391,NaN,0.134527,NaN,NaN,NA,AERONET_SEAPRISM,413_441_491_555_668
AS20-00137,20,HelsinkiLighthouse,2006,7,16,9,2,24.92636,59.94897,0,NaN,12.78368,NaN,NaN,NaN,NaN,0.021194,0.124687,0.129056,0.242597,NaN,NaN,0.446402,NaN,0.150786,NaN,NaN,NA,AERONET_SEAPRISM,413_441_491_555_668
AS20-00138,20,HelsinkiLighthouse,2006,7,16,9,41,24.92636,59.94897,0,NaN,11.977273,NaN,NaN,NaN,NaN,0.020597,0.141889,0.176728,0.244828,NaN,NaN,0.443264,NaN,0.147607,NaN,NaN,NA,AERONET_SEAPRISM,413_441_491_555_668
AS20-00139,20,HelsinkiLighthouse,2006,7,17,5,0,24.92636,59.94897,0,NaN,19.113704,NaN,NaN,NaN,NaN,0.025049,-0.022025,0.023571,0.150609,NaN,NaN,0.313341,NaN,0.075851,NaN,NaN,NA,AERONET_SEAPRISM,413_441_491_555_668
AS20-00140,20,HelsinkiLighthouse,2006,7,17,5,30,24.92636,59.94897,0,NaN,19.631002,NaN,NaN,NaN,NaN,0.026942,-0.039963,0.010953,0.145449,NaN,NaN,0.304457,NaN,0.076909,NaN,NaN,NA,AERONET_SEAPRISM,413_441_491_555_668
AS20-00141,20,HelsinkiLighthouse,2006,7,17,6,30,24.92636,59.94897,0,NaN,9.928612,NaN,NaN,NaN,NaN,0.027828,0.029878,0.095751,0.206832,NaN,NaN,0.347876,NaN,0.098405,NaN,NaN,NA,AERONET_SEAPRISM,413_441_491_555_668
AS20-00142,20,HelsinkiLighthouse,2006,7,17,7,3,24.92636,59.94897,0,NaN,13.456146,NaN,NaN,NaN,NaN,0.028008,0.023511,0.06081,0.19127,NaN,NaN,0.355671,NaN,0.104873,NaN,NaN,NA,AERONET_SEAPRISM,413_441_491_555_668
AS20-00143,20,HelsinkiLighthouse,2006,7,17,7,35,24.92636,59.94897,0,NaN,10.699956,NaN,NaN,NaN,NaN,0.029187,0.049636,0.092502,0.206888,NaN,NaN,0.35701,NaN,0.117056,NaN,NaN,NA,AERONET_SEAPRISM,413_441_491_555_668
AS20-00144,20,HelsinkiLighthouse,2006,7,17,8,2,24.92636,59.94897,0,NaN,10.876923,NaN,NaN,NaN,NaN,0.029441,0.063071,0.109266,0.216042,NaN,NaN,0.375662,NaN,0.122297,NaN,NaN,NA,AERONET_SEAPRISM,413_441_491_555_668
AS20-00145,20,HelsinkiLighthouse,2006,7,19,6,0,24.92636,59.94897,0,NaN,8.94863,NaN,NaN,NaN,NaN,0.017298,0.01843,0.084287,0.199782,NaN,NaN,0.323488,NaN,0.098228,NaN,NaN,NA,AERONET_SEAPRISM,413_441_491_555_668
AS20-00146,20,HelsinkiLighthouse,2006,7,19,6,30,24.92636,59.94897,0,NaN,19.989824,NaN,NaN,NaN,NaN,0.018303,0.03888,0.066222,0.174052,NaN,NaN,0.370208,NaN,0.112692,NaN,NaN,NA,AERONET_SEAPRISM,413_441_491_555_668
AS20-00147,20,HelsinkiLighthouse,2006,7,19,7,6,24.92636,59.94897,0,NaN,8.780642,NaN,NaN,NaN,NaN,0.021706,0.058596,0.084332,0.227165,NaN,NaN,0.364754,NaN,0.118898,NaN,NaN,NA,AERONET_SEAPRISM,413_441_491_555_668
AS20-00148,20,HelsinkiLighthouse,2006,7,20,6,0,24.92636,59.94897,0,NaN,15.463768,NaN,NaN,NaN,NaN,0.018438,0.008216,0.094698,0.177064,NaN,NaN,0.34758,NaN,0.109207,NaN,NaN,NA,AERONET_SEAPRISM,413_441_491_555_668
AS20-00149,20,HelsinkiLighthouse,2006,7,22,13,33,24.92636,59.94897,0,NaN,15.756821,NaN,NaN,NaN,NaN,0.063138,0.071221,0.138608,0.273608,NaN,NaN,0.539999,NaN,0.160544,NaN,NaN,NA,AERONET_SEAPRISM,413_441_491_555_668
AS20-00150,20,HelsinkiLighthouse,2006,7,22,14,28,24.92636,59.94897,0,NaN,10.764603,NaN,NaN,NaN,NaN,0.074393,0.01302,0.163373,0.269453,NaN,NaN,0.468377,NaN,0.1626,NaN,NaN,NA,AERONET_SEAPRISM,413_441_491_555_668
AS20-00151,20,HelsinkiLighthouse,2006,7,23,5,28,24.92636,59.94897,0,NaN,27.713147,NaN,NaN,NaN,NaN,0.031112,-0.088883,0.024771,0.155471,NaN,NaN,0.364859,NaN,0.115613,NaN,NaN,NA,AERONET_SEAPRISM,413_441_491_555_668
AS20-00152,20,HelsinkiLighthouse,2006,7,23,5,58,24.92636,59.94897,0,NaN,18.517336,NaN,NaN,NaN,NaN,0.029859,-0.049504,0.029213,0.181063,NaN,NaN,0.372839,NaN,0.11561,NaN,NaN,NA,AERONET_SEAPRISM,413_441_491_555_668
AS20-00153,20,HelsinkiLighthouse,2006,7,23,6,28,24.92636,59.94897,0,NaN,17.385275,NaN,NaN,NaN,NaN,0.022682,-0.042072,0.067812,0.192564,NaN,NaN,0.390763,NaN,0.114922,NaN,NaN,NA,AERONET_SEAPRISM,413_441_491_555_668
AS20-00154,20,HelsinkiLighthouse,2006,7,23,6,58,24.92636,59.94897,0,NaN,13.357364,NaN,NaN,NaN,NaN,0.018161,-0.008757,0.097918,0.2166,NaN,NaN,0.403534,NaN,0.118284,NaN,NaN,NA,AERONET_SEAPRISM,413_441_491_555_668
AS20-00155,20,HelsinkiLighthouse,2006,7,23,8,0,24.92636,59.94897,0,NaN,10.364471,NaN,NaN,NaN,NaN,0.020507,0.107862,0.12507,0.251882,NaN,NaN,0.430543,NaN,0.110862,NaN,NaN,NA,AERONET_SEAPRISM,413_441_491_555_668
AS20-00156,20,HelsinkiLighthouse,2006,7,23,9,39,24.92636,59.94897,0,NaN,20.470248,NaN,NaN,NaN,NaN,0.029068,0.102701,0.132994,0.229086,NaN,NaN,0.494295,NaN,0.142983,NaN,NaN,NA,AERONET_SEAPRISM,413_441_491_555_668
AS20-00157,20,HelsinkiLighthouse,2006,7,23,12,39,24.92636,59.94897,0,NaN,17.774211,NaN,NaN,NaN,NaN,0.021429,0.068252,0.111975,0.217124,NaN,NaN,0.446232,NaN,0.128982,NaN,NaN,NA,AERONET_SEAPRISM,413_441_491_555_668
AS20-00158,20,HelsinkiLighthouse,2006,7,23,13,33,24.92636,59.94897,0,NaN,22.600586,NaN,NaN,NaN,NaN,0.026194,0.028555,0.08311,0.202499,NaN,NaN,0.448758,NaN,0.123209,NaN,NaN,NA,AERONET_SEAPRISM,413_441_491_555_668
AS20-00159,20,HelsinkiLighthouse,2006,7,23,14,5,24.92636,59.94897,0,NaN,30.300584,NaN,NaN,NaN,NaN,0.032719,0.014775,0.069368,0.195912,NaN,NaN,0.476013,NaN,0.117505,NaN,NaN,NA,AERONET_SEAPRISM,413_441_491_555_668
AS20-00160,20,HelsinkiLighthouse,2006,7,23,14,28,24.92636,59.94897,0,NaN,26.573158,NaN,NaN,NaN,NaN,0.036836,-0.050577,0.051122,0.179469,NaN,NaN,0.41729,NaN,0.107872,NaN,NaN,NA,AERONET_SEAPRISM,413_441_491_555_668
AS20-00161,20,HelsinkiLighthouse,2006,7,23,14,58,24.92636,59.94897,0,NaN,33.088239,NaN,NaN,NaN,NaN,0.035239,-0.084931,0.042287,0.165267,NaN,NaN,0.411502,NaN,0.118797,NaN,NaN,NA,AERONET_SEAPRISM,413_441_491_555_668
AS20-00162,20,HelsinkiLighthouse,2006,7,24,14,4,24.92636,59.94897,0,NaN,25.394174,NaN,NaN,NaN,NaN,0.082239,-0.008964,0.054642,0.200724,NaN,NaN,0.459785,NaN,0.154938,NaN,NaN,NA,AERONET_SEAPRISM,413_441_491_555_668
AS20-00163,20,HelsinkiLighthouse,2006,7,24,14,58,24.92636,59.94897,0,NaN,10.069256,NaN,NaN,NaN,NaN,0.096234,-0.111484,0.040252,0.260501,NaN,NaN,0.435872,NaN,0.123007,NaN,NaN,NA,AERONET_SEAPRISM,413_441_491_555_668
AS20-00164,20,HelsinkiLighthouse,2006,7,25,4,58,24.92636,59.94897,0,NaN,24.115005,NaN,NaN,NaN,NaN,0.028085,-0.098432,0.016564,0.148716,NaN,NaN,0.333263,NaN,0.088222,NaN,NaN,NA,AERONET_SEAPRISM,413_441_491_555_668
AS20-00165,20,HelsinkiLighthouse,2006,7,25,6,58,24.92636,59.94897,0,NaN,11.704698,NaN,NaN,NaN,NaN,0.021487,-0.003858,0.079408,0.217131,NaN,NaN,0.385505,NaN,0.130378,NaN,NaN,NA,AERONET_SEAPRISM,413_441_491_555_668
AS20-00166,20,HelsinkiLighthouse,2006,7,25,9,0,24.92636,59.94897,0,NaN,10.964757,NaN,NaN,NaN,NaN,0.028089,0.066154,0.12128,0.233269,NaN,NaN,0.40694,NaN,0.11533,NaN,NaN,NA,AERONET_SEAPRISM,413_441_491_555_668
AS20-00167,20,HelsinkiLighthouse,2006,7,25,11,39,24.92636,59.94897,0,NaN,26.630511,NaN,NaN,NaN,NaN,0.039028,0.051222,0.097706,0.18178,NaN,NaN,0.426469,NaN,0.127425,NaN,NaN,NA,AERONET_SEAPRISM,413_441_491_555_668
AS20-00168,20,HelsinkiLighthouse,2006,7,26,5,0,24.92636,59.94897,0,NaN,30.638573,NaN,NaN,NaN,NaN,0.018376,-0.01116,0.039032,0.135599,NaN,NaN,0.329906,NaN,0.078904,NaN,NaN,NA,AERONET_SEAPRISM,413_441_491_555_668
AS20-00169,20,HelsinkiLighthouse,2006,7,26,5,28,24.92636,59.94897,0,NaN,20.596056,NaN,NaN,NaN,NaN,0.0205,-0.046375,0.065901,0.148297,NaN,NaN,0.319198,NaN,0.10031,NaN,NaN,NA,AERONET_SEAPRISM,413_441_491_555_668
AS20-00170,20,HelsinkiLighthouse,2006,7,26,5,58,24.92636,59.94897,0,NaN,11.826569,NaN,NaN,NaN,NaN,0.021151,-0.053624,0.035278,0.186884,NaN,NaN,0.331061,NaN,0.097764,NaN,NaN,NA,AERONET_SEAPRISM,413_441_491_555_668
AS20-00171,20,HelsinkiLighthouse,2006,7,26,8,0,24.92636,59.94897,0,NaN,11.733242,NaN,NaN,NaN,NaN,0.031386,0.082552,0.133955,0.213064,NaN,NaN,0.381869,NaN,0.09881,NaN,NaN,NA,AERONET_SEAPRISM,413_441_491_555_668
AS20-00172,20,HelsinkiLighthouse,2006,7,26,12,40,24.92636,59.94897,0,NaN,13.977834,NaN,NaN,NaN,NaN,0.031112,0.084973,0.11554,0.217965,NaN,NaN,0.413451,NaN,0.111899,NaN,NaN,NA,AERONET_SEAPRISM,413_441_491_555_668
AS20-00173,20,HelsinkiLighthouse,2006,7,26,13,33,24.92636,59.94897,0,NaN,16.54008,NaN,NaN,NaN,NaN,0.026168,0.011849,0.08127,0.203874,NaN,NaN,0.407518,NaN,0.103483,NaN,NaN,NA,AERONET_SEAPRISM,413_441_491_555_668
AS20-00174,20,HelsinkiLighthouse,2006,7,26,14,0,24.92636,59.94897,0,NaN,12.784537,NaN,NaN,NaN,NaN,0.026871,0.082222,0.100427,0.227382,NaN,NaN,0.417182,NaN,0.125681,NaN,NaN,NA,AERONET_SEAPRISM,413_441_491_555_668
AS20-00175,20,HelsinkiLighthouse,2006,7,26,14,28,24.92636,59.94897,0,NaN,16.97171,NaN,NaN,NaN,NaN,0.027237,-0.073114,0.062237,0.227538,NaN,NaN,0.456866,NaN,0.134806,NaN,NaN,NA,AERONET_SEAPRISM,413_441_491_555_668
AS20-00176,20,HelsinkiLighthouse,2006,7,27,11,39,24.92636,59.94897,0,NaN,10.844143,NaN,NaN,NaN,NaN,0.040637,0.101886,0.12977,0.237282,NaN,NaN,0.412715,NaN,0.114569,NaN,NaN,NA,AERONET_SEAPRISM,413_441_491_555_668
AS20-00177,20,HelsinkiLighthouse,2006,7,27,12,0,24.92636,59.94897,0,NaN,13.428249,NaN,NaN,NaN,NaN,0.03738,0.092578,0.11517,0.226462,NaN,NaN,0.42345,NaN,0.112069,NaN,NaN,NA,AERONET_SEAPRISM,413_441_491_555_668
AS20-00178,20,HelsinkiLighthouse,2006,7,27,12,40,24.92636,59.94897,0,NaN,10.662571,NaN,NaN,NaN,NaN,0.028891,0.074523,0.126351,0.247894,NaN,NaN,0.428125,NaN,0.123038,NaN,NaN,NA,AERONET_SEAPRISM,413_441_491_555_668
AS20-00179,20,HelsinkiLighthouse,2006,7,27,13,0,24.92636,59.94897,0,NaN,12.255303,NaN,NaN,NaN,NaN,0.028222,0.083337,0.129039,0.22868,NaN,NaN,0.41518,NaN,0.119071,NaN,NaN,NA,AERONET_SEAPRISM,413_441_491_555_668
AS20-00180,20,HelsinkiLighthouse,2006,7,27,13,33,24.92636,59.94897,0,NaN,15.962267,NaN,NaN,NaN,NaN,0.026819,0.061148,0.086222,0.219291,NaN,NaN,0.433073,NaN,0.121699,NaN,NaN,NA,AERONET_SEAPRISM,413_441_491_555_668
AS20-00181,20,HelsinkiLighthouse,2006,7,29,8,0,24.92636,59.94897,0,NaN,12.805773,NaN,NaN,NaN,NaN,0.076261,0.106264,0.143788,0.262751,NaN,NaN,0.484014,NaN,0.132599,NaN,NaN,NA,AERONET_SEAPRISM,413_441_491_555_668
AS20-00182,20,HelsinkiLighthouse,2006,7,29,8,39,24.92636,59.94897,0,NaN,16.315251,NaN,NaN,NaN,NaN,0.035718,0.059888,0.107847,0.236541,NaN,NaN,0.471541,NaN,0.122828,NaN,NaN,NA,AERONET_SEAPRISM,413_441_491_555_668
AS20-00183,20,HelsinkiLighthouse,2006,7,29,9,0,24.92636,59.94897,0,NaN,15.228445,NaN,NaN,NaN,NaN,0.034037,0.087912,0.131447,0.244281,NaN,NaN,0.477114,NaN,0.127781,NaN,NaN,NA,AERONET_SEAPRISM,413_441_491_555_668
AS20-00184,20,HelsinkiLighthouse,2006,7,29,9,39,24.92636,59.94897,0,NaN,12.361044,NaN,NaN,NaN,NaN,0.039004,0.116833,0.154134,0.265215,NaN,NaN,0.4832,NaN,0.136526,NaN,NaN,NA,AERONET_SEAPRISM,413_441_491_555_668
AS20-00185,20,HelsinkiLighthouse,2006,7,29,11,39,24.92636,59.94897,0,NaN,13.519502,NaN,NaN,NaN,NaN,0.041903,0.111906,0.145555,0.269664,NaN,NaN,0.50591,NaN,0.143313,NaN,NaN,NA,AERONET_SEAPRISM,413_441_491_555_668
AS20-00186,20,HelsinkiLighthouse,2006,7,29,12,0,24.92636,59.94897,0,NaN,14.38982,NaN,NaN,NaN,NaN,0.028262,0.137187,0.154831,0.270263,NaN,NaN,0.518448,NaN,0.146459,NaN,NaN,NA,AERONET_SEAPRISM,413_441_491_555_668
AS20-00187,20,HelsinkiLighthouse,2006,7,29,13,0,24.92636,59.94897,0,NaN,15.734781,NaN,NaN,NaN,NaN,0.029005,0.116812,0.144833,0.259897,NaN,NaN,0.513546,NaN,0.138843,NaN,NaN,NA,AERONET_SEAPRISM,413_441_491_555_668
AS20-00188,20,HelsinkiLighthouse,2006,7,29,13,33,24.92636,59.94897,0,NaN,19.98884,NaN,NaN,NaN,NaN,0.024052,0.091022,0.13817,0.240396,NaN,NaN,0.514569,NaN,0.130853,NaN,NaN,NA,AERONET_SEAPRISM,413_441_491_555_668
AS20-00189,20,HelsinkiLighthouse,2006,7,29,13,58,24.92636,59.94897,0,NaN,16.186947,NaN,NaN,NaN,NaN,0.023363,-0.002928,0.081898,0.241816,NaN,NaN,0.478942,NaN,0.130994,NaN,NaN,NA,AERONET_SEAPRISM,413_441_491_555_668
AS20-00190,20,HelsinkiLighthouse,2006,7,29,14,28,24.92636,59.94897,0,NaN,18.367892,NaN,NaN,NaN,NaN,0.025349,-0.000736,0.07465,0.229766,NaN,NaN,0.474409,NaN,0.122362,NaN,NaN,NA,AERONET_SEAPRISM,413_441_491_555_668
AS20-00191,20,HelsinkiLighthouse,2006,7,29,14,58,24.92636,59.94897,0,NaN,27.004182,NaN,NaN,NaN,NaN,0.028855,-0.09037,0.057034,0.199414,NaN,NaN,0.466074,NaN,0.123991,NaN,NaN,NA,AERONET_SEAPRISM,413_441_491_555_668
AS20-00192,20,HelsinkiLighthouse,2006,7,30,12,39,24.92636,59.94897,0,NaN,10.737699,NaN,NaN,NaN,NaN,0.08301,0.065719,0.126466,0.273342,NaN,NaN,0.472505,NaN,0.120835,NaN,NaN,NA,AERONET_SEAPRISM,413_441_491_555_668
AS20-00193,20,HelsinkiLighthouse,2006,7,30,13,0,24.92636,59.94897,0,NaN,7.043771,NaN,NaN,NaN,NaN,0.081319,0.063389,0.216217,0.291438,NaN,NaN,0.43758,NaN,0.14447,NaN,NaN,NA,AERONET_SEAPRISM,413_441_491_555_668
AS20-00194,20,HelsinkiLighthouse,2006,7,30,13,33,24.92636,59.94897,0,NaN,11.568209,NaN,NaN,NaN,NaN,0.088513,0.053522,0.145433,0.235035,NaN,NaN,0.419055,NaN,0.165692,NaN,NaN,NA,AERONET_SEAPRISM,413_441_491_555_668
AS20-00195,20,HelsinkiLighthouse,2006,7,30,13,58,24.92636,59.94897,0,NaN,16.7135,NaN,NaN,NaN,NaN,0.082055,0.002722,0.048529,0.202699,NaN,NaN,0.404462,NaN,0.120334,NaN,NaN,NA,AERONET_SEAPRISM,413_441_491_555_668
AS20-00196,20,HelsinkiLighthouse,2006,7,31,6,30,24.92636,59.94897,0,NaN,16.139883,NaN,NaN,NaN,NaN,0.139017,0.008482,0.059662,0.17602,NaN,NaN,0.348288,NaN,0.077118,NaN,NaN,NA,AERONET_SEAPRISM,413_441_491_555_668
AS20-00197,20,HelsinkiLighthouse,2006,7,31,9,0,24.92636,59.94897,0,NaN,25.888786,NaN,NaN,NaN,NaN,0.141034,0.12751,0.112059,0.107969,NaN,NaN,0.25512,NaN,0.101329,NaN,NaN,NA,AERONET_SEAPRISM,413_441_491_555_668
AS20-00198,20,HelsinkiLighthouse,2006,7,31,13,0,24.92636,59.94897,0,NaN,10.433951,NaN,NaN,NaN,NaN,0.099763,0.042071,0.101214,0.243708,NaN,NaN,0.416438,NaN,0.117318,NaN,NaN,NA,AERONET_SEAPRISM,413_441_491_555_668
AS20-00199,20,HelsinkiLighthouse,2006,7,31,13,33,24.92636,59.94897,0,NaN,13.909226,NaN,NaN,NaN,NaN,0.103394,0.043793,0.09565,0.201729,NaN,NaN,0.381317,NaN,0.107772,NaN,NaN,NA,AERONET_SEAPRISM,413_441_491_555_668
AS20-00200,20,HelsinkiLighthouse,2006,7,31,13,58,24.92636,59.94897,0,NaN,16.301088,NaN,NaN,NaN,NaN,0.106292,-0.018071,0.090556,0.18585,NaN,NaN,0.370761,NaN,0.107784,NaN,NaN,NA,AERONET_SEAPRISM,413_441_491_555_668
AS20-00201,20,HelsinkiLighthouse,2006,7,31,14,28,24.92636,59.94897,0,NaN,28.328025,NaN,NaN,NaN,NaN,0.095781,-0.024889,0.047173,0.167306,NaN,NaN,0.396985,NaN,0.09248,NaN,NaN,NA,AERONET_SEAPRISM,413_441_491_555_668
AS20-00202,20,HelsinkiLighthouse,2006,8,1,6,31,24.92636,59.94897,0,NaN,14.662791,NaN,NaN,NaN,NaN,0.053288,0.043494,0.134404,0.180087,NaN,NaN,0.34963,NaN,0.131048,NaN,NaN,NA,AERONET_SEAPRISM,413_441_491_555_668
AS20-00203,20,HelsinkiLighthouse,2006,8,2,6,34,24.92636,59.94897,0,NaN,6.282688,NaN,NaN,NaN,NaN,0.094386,0.116311,0.217726,0.343343,NaN,NaN,0.492689,NaN,0.157077,NaN,NaN,NA,AERONET_SEAPRISM,413_441_491_555_668
AS20-00204,20,HelsinkiLighthouse,2006,8,2,13,33,24.92636,59.94897,0,NaN,13.453428,NaN,NaN,NaN,NaN,0.071176,0.081765,0.137121,0.218338,NaN,NaN,0.410113,NaN,0.119475,NaN,NaN,NA,AERONET_SEAPRISM,413_441_491_555_668
AS20-00205,20,HelsinkiLighthouse,2006,8,2,14,58,24.92636,59.94897,0,NaN,8.759683,NaN,NaN,NaN,NaN,0.065755,-0.028175,0.139025,0.252145,NaN,NaN,0.40691,NaN,0.13894,NaN,NaN,NA,AERONET_SEAPRISM,413_441_491_555_668
AS20-00206,20,HelsinkiLighthouse,2006,8,4,5,28,24.92636,59.94897,0,NaN,263.616187,NaN,NaN,NaN,NaN,0.050174,-0.10501,0.059936,0.00678,NaN,NaN,0.039379,NaN,0.1167,NaN,NaN,NA,AERONET_SEAPRISM,413_441_491_555_668
AS20-00207,20,HelsinkiLighthouse,2006,8,4,5,58,24.92636,59.94897,0,NaN,4.532546,NaN,NaN,NaN,NaN,0.050486,-0.062545,0.06424,0.135594,NaN,NaN,0.171318,NaN,0.116817,NaN,NaN,NA,AERONET_SEAPRISM,413_441_491_555_668
AS20-00208,20,HelsinkiLighthouse,2006,8,4,8,0,24.92636,59.94897,0,NaN,8.447439,NaN,NaN,NaN,NaN,0.069623,0.047728,0.0995,0.257397,NaN,NaN,0.407849,NaN,0.11022,NaN,NaN,NA,AERONET_SEAPRISM,413_441_491_555_668
AS20-00209,20,HelsinkiLighthouse,2006,8,4,9,39,24.92636,59.94897,0,NaN,9.1095,NaN,NaN,NaN,NaN,0.053779,0.074292,0.125055,0.255391,NaN,NaN,0.417072,NaN,0.133813,NaN,NaN,NA,AERONET_SEAPRISM,413_441_491_555_668
AS20-00210,20,HelsinkiLighthouse,2006,8,4,10,0,24.92636,59.94897,0,NaN,8.54664,NaN,NaN,NaN,NaN,0.049207,0.105642,0.11267,0.257665,NaN,NaN,0.410657,NaN,0.130166,NaN,NaN,NA,AERONET_SEAPRISM,413_441_491_555_668
AS20-00211,20,HelsinkiLighthouse,2006,8,4,11,39,24.92636,59.94897,0,NaN,10.114942,NaN,NaN,NaN,NaN,0.05319,0.080146,0.124164,0.253035,NaN,NaN,0.428759,NaN,0.151392,NaN,NaN,NA,AERONET_SEAPRISM,413_441_491_555_668
AS20-00212,20,HelsinkiLighthouse,2006,8,4,12,0,24.92636,59.94897,0,NaN,9.0203,NaN,NaN,NaN,NaN,0.053751,0.079226,0.127339,0.285733,NaN,NaN,0.464331,NaN,0.154563,NaN,NaN,NA,AERONET_SEAPRISM,413_441_491_555_668
AS20-00213,20,HelsinkiLighthouse,2006,8,4,12,39,24.92636,59.94897,0,NaN,9.810064,NaN,NaN,NaN,NaN,0.056758,0.092211,0.097052,0.266087,NaN,NaN,0.444225,NaN,0.148139,NaN,NaN,NA,AERONET_SEAPRISM,413_441_491_555_668
AS20-00214,20,HelsinkiLighthouse,2006,8,4,13,30,24.92636,59.94897,0,NaN,14.379958,NaN,NaN,NaN,NaN,0.054153,0.059117,0.082353,0.211507,NaN,NaN,0.403216,NaN,0.133077,NaN,NaN,NA,AERONET_SEAPRISM,413_441_491_555_668
AS20-00215,20,HelsinkiLighthouse,2006,8,4,13,58,24.92636,59.94897,0,NaN,12.693477,NaN,NaN,NaN,NaN,0.048761,-0.011853,0.118143,0.209937,NaN,NaN,0.385756,NaN,0.127822,NaN,NaN,NA,AERONET_SEAPRISM,413_441_491_555_668
AS20-00216,20,HelsinkiLighthouse,2006,8,4,14,36,24.92636,59.94897,0,NaN,20.349543,NaN,NaN,NaN,NaN,0.050582,-0.007939,0.037922,0.175312,NaN,NaN,0.373057,NaN,0.119147,NaN,NaN,NA,AERONET_SEAPRISM,413_441_491_555_668
AS20-00217,20,HelsinkiLighthouse,2006,8,5,4,58,24.92636,59.94897,0,NaN,14.27543,NaN,NaN,NaN,NaN,0.051144,-0.184568,0.038304,0.201344,NaN,NaN,0.380396,NaN,0.106663,NaN,NaN,NA,AERONET_SEAPRISM,413_441_491_555_668
AS20-00218,20,HelsinkiLighthouse,2006,8,5,5,58,24.92636,59.94897,0,NaN,11.9726,NaN,NaN,NaN,NaN,0.056895,-0.029783,0.07656,0.255115,NaN,NaN,0.455512,NaN,0.160947,NaN,NaN,NA,AERONET_SEAPRISM,413_441_491_555_668
AS20-00219,20,HelsinkiLighthouse,2006,8,5,8,0,24.92636,59.94897,0,NaN,14.170046,NaN,NaN,NaN,NaN,0.050955,0.11874,0.182178,0.300887,NaN,NaN,0.574803,NaN,0.180405,NaN,NaN,NA,AERONET_SEAPRISM,413_441_491_555_668
AS20-00220,20,HelsinkiLighthouse,2006,8,5,14,34,24.92636,59.94897,0,NaN,25.188423,NaN,NaN,NaN,NaN,0.079448,0.062069,0.146875,0.296517,NaN,NaN,0.682412,NaN,0.228278,NaN,NaN,NA,AERONET_SEAPRISM,413_441_491_555_668
AS20-00221,20,HelsinkiLighthouse,2006,8,6,9,0,24.92636,59.94897,0,NaN,16.056685,NaN,NaN,NaN,NaN,0.052626,0.176462,0.227849,0.377755,NaN,NaN,0.75264,NaN,0.225626,NaN,NaN,NA,AERONET_SEAPRISM,413_441_491_555_668
AS20-00222,20,HelsinkiLighthouse,2006,8,6,13,33,24.92636,59.94897,0,NaN,19.519088,NaN,NaN,NaN,NaN,0.055184,0.116587,0.179746,0.350615,NaN,NaN,0.743148,NaN,0.220859,NaN,NaN,NA,AERONET_SEAPRISM,413_441_491_555_668
AS20-00223,20,HelsinkiLighthouse,2006,8,6,13,58,24.92636,59.94897,0,NaN,18.154035,NaN,NaN,NaN,NaN,0.052134,0.004158,0.15459,0.334523,NaN,NaN,0.691136,NaN,0.2171,NaN,NaN,NA,AERONET_SEAPRISM,413_441_491_555_668
AS20-00224,20,HelsinkiLighthouse,2006,8,6,15,28,24.92636,59.94897,0,NaN,29.831407,NaN,NaN,NaN,NaN,0.044848,-0.090588,0.093214,0.29609,NaN,NaN,0.714954,NaN,0.205624,NaN,NaN,NA,AERONET_SEAPRISM,413_441_491_555_668
AS20-00225,20,HelsinkiLighthouse,2006,8,6,16,0,24.92636,59.94897,0,NaN,23.676214,NaN,NaN,NaN,NaN,0.046033,-0.024749,0.129119,0.315461,NaN,NaN,0.70967,NaN,0.189563,NaN,NaN,NA,AERONET_SEAPRISM,413_441_491_555_668
AS20-00226,20,HelsinkiLighthouse,2006,8,7,5,28,24.92636,59.94897,0,NaN,19.66805,NaN,NaN,NaN,NaN,0.068409,-0.029256,0.150908,0.256582,NaN,NaN,0.546544,NaN,0.172187,NaN,NaN,NA,AERONET_SEAPRISM,413_441_491_555_668
AS20-00227,20,HelsinkiLighthouse,2006,8,7,5,58,24.92636,59.94897,0,NaN,26.664642,NaN,NaN,NaN,NaN,0.067398,0.001653,0.110743,0.243991,NaN,NaN,0.571094,NaN,0.177618,NaN,NaN,NA,AERONET_SEAPRISM,413_441_491_555_668
AS20-00228,20,HelsinkiLighthouse,2006,8,7,16,0,24.92636,59.94897,0,NaN,13.104372,NaN,NaN,NaN,NaN,0.081539,0.081088,0.155934,0.214407,NaN,NaN,0.400422,NaN,0.183275,NaN,NaN,NA,AERONET_SEAPRISM,413_441_491_555_668
AS20-00229,20,HelsinkiLighthouse,2006,8,8,4,58,24.92636,59.94897,0,NaN,34.687482,NaN,NaN,NaN,NaN,0.063729,-0.155607,0.018019,0.181957,NaN,NaN,0.457425,NaN,0.133848,NaN,NaN,NA,AERONET_SEAPRISM,413_441_491_555_668
AS20-00230,20,HelsinkiLighthouse,2006,8,8,5,28,24.92636,59.94897,0,NaN,43.067001,NaN,NaN,NaN,NaN,0.068137,-0.061893,0.060064,0.166239,NaN,NaN,0.450717,NaN,0.136808,NaN,NaN,NA,AERONET_SEAPRISM,413_441_491_555_668
AS20-00231,20,HelsinkiLighthouse,2006,8,8,6,28,24.92636,59.94897,0,NaN,21.396263,NaN,NaN,NaN,NaN,0.06141,-0.021962,0.091605,0.23831,NaN,NaN,0.518353,NaN,0.154231,NaN,NaN,NA,AERONET_SEAPRISM,413_441_491_555_668
AS20-00232,20,HelsinkiLighthouse,2006,8,8,7,0,24.92636,59.94897,0,NaN,15.102091,NaN,NaN,NaN,NaN,0.06394,0.067995,0.10896,0.30324,NaN,NaN,0.587165,NaN,0.150749,NaN,NaN,NA,AERONET_SEAPRISM,413_441_491_555_668
AS20-00233,20,HelsinkiLighthouse,2006,8,8,15,58,24.92636,59.94897,0,NaN,6.259968,NaN,NaN,NaN,NaN,0.103318,0.099156,0.322576,0.447646,NaN,NaN,0.64331,NaN,0.310368,NaN,NaN,NA,AERONET_SEAPRISM,413_441_491_555_668
AS20-00234,20,HelsinkiLighthouse,2006,8,9,4,28,24.92636,59.94897,0,NaN,72.609108,NaN,NaN,NaN,NaN,0.186642,-0.340867,0.021476,0.142403,NaN,NaN,0.44842,NaN,0.146088,NaN,NaN,NA,AERONET_SEAPRISM,413_441_491_555_668
AS20-00235,20,HelsinkiLighthouse,2006,8,9,5,28,24.92636,59.94897,0,NaN,40.445837,NaN,NaN,NaN,NaN,0.151229,-0.12249,0.097248,0.205454,NaN,NaN,0.548402,NaN,0.14113,NaN,NaN,NA,AERONET_SEAPRISM,413_441_491_555_668
AS20-00236,20,HelsinkiLighthouse,2006,8,9,5,58,24.92636,59.94897,0,NaN,26.366009,NaN,NaN,NaN,NaN,0.147066,0.060172,0.112121,0.251067,NaN,NaN,0.585405,NaN,0.147628,NaN,NaN,NA,AERONET_SEAPRISM,413_441_491_555_668
AS20-00237,20,HelsinkiLighthouse,2006,8,9,12,0,24.92636,59.94897,0,NaN,21.697368,NaN,NaN,NaN,NaN,0.095461,0.166327,0.209628,0.407995,NaN,NaN,0.895271,NaN,0.2501,NaN,NaN,NA,AERONET_SEAPRISM,413_441_491_555_668
AS20-00238,20,HelsinkiLighthouse,2006,8,9,12,39,24.92636,59.94897,0,NaN,26.774242,NaN,NaN,NaN,NaN,0.091035,0.121062,0.176408,0.373761,NaN,NaN,0.876506,NaN,0.234641,NaN,NaN,NA,AERONET_SEAPRISM,413_441_491_555_668
AS20-00239,20,HelsinkiLighthouse,2006,8,9,13,0,24.92636,59.94897,0,NaN,15.037901,NaN,NaN,NaN,NaN,0.088995,0.116056,0.176332,0.394395,NaN,NaN,0.764769,NaN,0.201768,NaN,NaN,NA,AERONET_SEAPRISM,413_441_491_555_668
AS20-00240,20,HelsinkiLighthouse,2006,8,9,14,0,24.92636,59.94897,0,NaN,21.89053,NaN,NaN,NaN,NaN,0.061936,0.108154,0.152396,0.333671,NaN,NaN,0.732928,NaN,0.21683,NaN,NaN,NA,AERONET_SEAPRISM,413_441_491_555_668
AS20-00241,20,HelsinkiLighthouse,2006,8,9,15,58,24.92636,59.94897,0,NaN,23.207721,NaN,NaN,NaN,NaN,0.02204,-0.018616,0.198484,0.347796,NaN,NaN,0.781481,NaN,0.308766,NaN,NaN,NA,AERONET_SEAPRISM,413_441_491_555_668
AS20-00242,20,HelsinkiLighthouse,2006,8,10,4,57,24.92636,59.94897,0,NaN,21.11034,NaN,NaN,NaN,NaN,0.082325,-0.056058,0.128428,0.289129,NaN,NaN,0.627362,NaN,0.179547,NaN,NaN,NA,AERONET_SEAPRISM,413_441_491_555_668
AS20-00243,20,HelsinkiLighthouse,2006,8,10,5,58,24.92636,59.94897,0,NaN,7.016579,NaN,NaN,NaN,NaN,0.115432,0.224008,0.368173,0.529801,NaN,NaN,0.793145,NaN,0.26843,NaN,NaN,NA,AERONET_SEAPRISM,413_441_491_555_668
AS20-00244,20,HelsinkiLighthouse,2006,8,10,12,39,24.92636,59.94897,0,NaN,11.883157,NaN,NaN,NaN,NaN,0.119142,0.219565,0.202453,0.362214,NaN,NaN,0.650558,NaN,0.193164,NaN,NaN,NA,AERONET_SEAPRISM,413_441_491_555_668
AS20-00245,20,HelsinkiLighthouse,2006,8,10,13,39,24.92636,59.94897,0,NaN,10.343189,NaN,NaN,NaN,NaN,0.127367,0.011189,0.1498,0.327721,NaN,NaN,0.559052,NaN,0.172304,NaN,NaN,NA,AERONET_SEAPRISM,413_441_491_555_668
AS20-00246,20,HelsinkiLighthouse,2006,8,10,14,0,24.92636,59.94897,0,NaN,17.82791,NaN,NaN,NaN,NaN,0.11696,0.079122,0.185329,0.276607,NaN,NaN,0.571916,NaN,0.147511,NaN,NaN,NA,AERONET_SEAPRISM,413_441_491_555_668
AS20-00247,20,HelsinkiLighthouse,2006,8,11,4,59,24.92636,59.94897,0,NaN,21.812435,NaN,NaN,NaN,NaN,0.084812,0.039702,0.070975,0.231138,NaN,NaN,0.504635,NaN,0.18173,NaN,NaN,NA,AERONET_SEAPRISM,413_441_491_555_668
AS20-00248,20,HelsinkiLighthouse,2006,8,11,5,27,24.92636,59.94897,0,NaN,16.179571,NaN,NaN,NaN,NaN,0.08662,0.035258,0.129488,0.274405,NaN,NaN,0.545782,NaN,0.166758,NaN,NaN,NA,AERONET_SEAPRISM,413_441_491_555_668
AS20-00249,20,HelsinkiLighthouse,2006,8,11,9,59,24.92636,59.94897,0,NaN,10.126573,NaN,NaN,NaN,NaN,0.106622,0.21901,0.259019,0.398048,NaN,NaN,0.678279,NaN,0.202262,NaN,NaN,NA,AERONET_SEAPRISM,413_441_491_555_668
AS20-00250,20,HelsinkiLighthouse,2006,8,11,12,59,24.92636,59.94897,0,NaN,14.257831,NaN,NaN,NaN,NaN,0.051531,0.120503,0.175583,0.345109,NaN,NaN,0.658586,NaN,0.17524,NaN,NaN,NA,AERONET_SEAPRISM,413_441_491_555_668
AS20-00251,20,HelsinkiLighthouse,2006,8,11,13,39,24.92636,59.94897,0,NaN,12.249786,NaN,NaN,NaN,NaN,0.042981,0.112165,0.201671,0.351909,NaN,NaN,0.638992,NaN,0.198433,NaN,NaN,NA,AERONET_SEAPRISM,413_441_491_555_668
AS20-00252,20,HelsinkiLighthouse,2006,8,11,13,59,24.92636,59.94897,0,NaN,21.559897,NaN,NaN,NaN,NaN,0.042088,0.112052,0.158293,0.280595,NaN,NaN,0.61545,NaN,0.176653,NaN,NaN,NA,AERONET_SEAPRISM,413_441_491_555_668
AS20-00253,20,HelsinkiLighthouse,2006,8,11,15,29,24.92636,59.94897,0,NaN,19.551822,NaN,NaN,NaN,NaN,0.022636,0.032641,0.068973,0.295718,NaN,NaN,0.621417,NaN,0.16249,NaN,NaN,NA,AERONET_SEAPRISM,413_441_491_555_668
AS20-00254,20,HelsinkiLighthouse,2006,8,11,15,57,24.92636,59.94897,0,NaN,20.882382,NaN,NaN,NaN,NaN,0.035682,-0.044972,0.15907,0.268964,NaN,NaN,0.584342,NaN,0.186981,NaN,NaN,NA,AERONET_SEAPRISM,413_441_491_555_668
AS20-00255,20,HelsinkiLighthouse,2006,8,12,4,27,24.92636,59.94897,0,NaN,14.943575,NaN,NaN,NaN,NaN,0.070516,0.067709,0.170098,0.258479,NaN,NaN,0.503605,NaN,0.213477,NaN,NaN,NA,AERONET_SEAPRISM,413_441_491_555_668
AS20-00256,20,HelsinkiLighthouse,2006,8,12,4,57,24.92636,59.94897,0,NaN,19.404541,NaN,NaN,NaN,NaN,0.074982,0.0216,0.11181,0.200154,NaN,NaN,0.424053,NaN,0.135876,NaN,NaN,NA,AERONET_SEAPRISM,413_441_491_555_668
AS20-00257,20,HelsinkiLighthouse,2006,8,12,12,39,24.92636,59.94897,0,NaN,10.289504,NaN,NaN,NaN,NaN,0.065589,0.128468,0.202395,0.361494,NaN,NaN,0.617612,NaN,0.230594,NaN,NaN,NA,AERONET_SEAPRISM,413_441_491_555_668
AS20-00258,20,HelsinkiLighthouse,2006,8,12,13,59,24.92636,59.94897,0,NaN,8.541054,NaN,NaN,NaN,NaN,0.095612,0.151471,0.143034,0.357367,NaN,NaN,0.568735,NaN,0.199519,NaN,NaN,NA,AERONET_SEAPRISM,413_441_491_555_668
AS20-00259,20,HelsinkiLighthouse,2006,8,14,15,27,24.92636,59.94897,0,NaN,18.641804,NaN,NaN,NaN,NaN,0.18917,0.251906,0.228761,0.305517,NaN,NaN,0.642734,NaN,0.319763,NaN,NaN,NA,AERONET_SEAPRISM,413_441_491_555_668
AS20-00260,20,HelsinkiLighthouse,2006,8,15,4,57,24.92636,59.94897,0,NaN,5.833872,NaN,NaN,NaN,NaN,0.078789,0.051937,0.110272,0.252244,NaN,NaN,0.349943,NaN,0.143446,NaN,NaN,NA,AERONET_SEAPRISM,413_441_491_555_668
AS20-00261,20,HelsinkiLighthouse,2006,8,15,14,57,24.92636,59.94897,0,NaN,33.962756,NaN,NaN,NaN,NaN,0.03075,0.022271,0.029918,0.136411,NaN,NaN,0.342028,NaN,0.149896,NaN,NaN,NA,AERONET_SEAPRISM,413_441_491_555_668
AS20-00262,20,HelsinkiLighthouse,2006,8,16,5,37,24.92636,59.94897,0,NaN,26.792646,NaN,NaN,NaN,NaN,0.086126,-0.081888,0.012658,0.108983,NaN,NaN,0.252659,NaN,0.081026,NaN,NaN,NA,AERONET_SEAPRISM,413_441_491_555_668
AS20-00263,20,HelsinkiLighthouse,2006,8,16,7,38,24.92636,59.94897,0,NaN,9.501138,NaN,NaN,NaN,NaN,0.0737,0.044437,0.129103,0.220239,NaN,NaN,0.366206,NaN,0.112373,NaN,NaN,NA,AERONET_SEAPRISM,413_441_491_555_668
AS20-00264,20,HelsinkiLighthouse,2006,8,16,7,59,24.92636,59.94897,0,NaN,11.489751,NaN,NaN,NaN,NaN,0.064671,0.064313,0.062212,0.216552,NaN,NaN,0.38104,NaN,0.134002,NaN,NaN,NA,AERONET_SEAPRISM,413_441_491_555_668
AS20-00265,20,HelsinkiLighthouse,2006,8,16,9,38,24.92636,59.94897,0,NaN,10.421518,NaN,NaN,NaN,NaN,0.067428,0.064156,0.125498,0.236236,NaN,NaN,0.405033,NaN,0.132278,NaN,NaN,NA,AERONET_SEAPRISM,413_441_491_555_668
AS20-00266,20,HelsinkiLighthouse,2006,8,16,9,59,24.92636,59.94897,0,NaN,9.082524,NaN,NaN,NaN,NaN,0.075146,0.101683,0.125562,0.246239,NaN,NaN,0.401969,NaN,0.153455,NaN,NaN,NA,AERONET_SEAPRISM,413_441_491_555_668
AS20-00267,20,HelsinkiLighthouse,2006,8,16,11,38,24.92636,59.94897,0,NaN,8.65301,NaN,NaN,NaN,NaN,0.064497,0.086887,0.142611,0.248159,NaN,NaN,0.399038,NaN,0.141302,NaN,NaN,NA,AERONET_SEAPRISM,413_441_491_555_668
AS20-00268,20,HelsinkiLighthouse,2006,8,17,5,27,24.92636,59.94897,0,NaN,13.157591,NaN,NaN,NaN,NaN,0.050843,0.083843,0.077155,0.160876,NaN,NaN,0.298448,NaN,0.139825,NaN,NaN,NA,AERONET_SEAPRISM,413_441_491_555_668
AS20-00269,20,HelsinkiLighthouse,2006,8,17,11,58,24.92636,59.94897,0,NaN,18.389582,NaN,NaN,NaN,NaN,0.039448,0.077824,0.167688,0.238296,NaN,NaN,0.498336,NaN,0.165422,NaN,NaN,NA,AERONET_SEAPRISM,413_441_491_555_668
AS20-00270,20,HelsinkiLighthouse,2006,8,17,15,36,24.92636,59.94897,0,NaN,4.992239,NaN,NaN,NaN,NaN,0.042021,-0.072571,0.018897,0.255364,NaN,NaN,0.330279,NaN,0.18252,NaN,NaN,NA,AERONET_SEAPRISM,413_441_491_555_668
AS20-00271,20,HelsinkiLighthouse,2006,8,17,15,56,24.92636,59.94897,0,NaN,4.882992,NaN,NaN,NaN,NaN,0.041149,-0.081539,0.034991,0.210814,NaN,NaN,0.27122,NaN,0.144605,NaN,NaN,NA,AERONET_SEAPRISM,413_441_491_555_668
AS20-00272,20,HelsinkiLighthouse,2006,8,18,6,26,24.92636,59.94897,0,NaN,10.570014,NaN,NaN,NaN,NaN,0.04832,0.038235,0.080619,0.200656,NaN,NaN,0.344274,NaN,0.123204,NaN,NaN,NA,AERONET_SEAPRISM,413_441_491_555_668
AS20-00273,20,HelsinkiLighthouse,2006,8,18,10,58,24.92636,59.94897,0,NaN,9.216134,NaN,NaN,NaN,NaN,0.047439,0.078732,0.13459,0.290758,NaN,NaN,0.47637,NaN,0.164944,NaN,NaN,NA,AERONET_SEAPRISM,413_441_491_555_668
AS20-00274,20,HelsinkiLighthouse,2006,8,18,11,38,24.92636,59.94897,0,NaN,16.031729,NaN,NaN,NaN,NaN,0.041322,0.090966,0.093567,0.243305,NaN,NaN,0.481063,NaN,0.173772,NaN,NaN,NA,AERONET_SEAPRISM,413_441_491_555_668
AS20-00275,20,HelsinkiLighthouse,2006,8,18,11,58,24.92636,59.94897,0,NaN,10.340625,NaN,NaN,NaN,NaN,0.040781,0.101013,0.223976,0.270606,NaN,NaN,0.467174,NaN,0.183095,NaN,NaN,NA,AERONET_SEAPRISM,413_441_491_555_668
AS20-00276,20,HelsinkiLighthouse,2006,8,18,12,38,24.92636,59.94897,0,NaN,20.166406,NaN,NaN,NaN,NaN,0.040821,0.116029,0.10474,0.227808,NaN,NaN,0.48721,NaN,0.155311,NaN,NaN,NA,AERONET_SEAPRISM,413_441_491_555_668
AS20-00277,20,HelsinkiLighthouse,2006,8,18,14,56,24.92636,59.94897,0,NaN,2.667057,NaN,NaN,NaN,NaN,0.064788,0.092325,0.176764,0.261116,NaN,NaN,0.269926,NaN,0.255514,NaN,NaN,NA,AERONET_SEAPRISM,413_441_491_555_668
AS20-00278,20,HelsinkiLighthouse,2006,8,19,5,56,24.92636,59.94897,0,NaN,13.253298,NaN,NaN,NaN,NaN,0.029672,-0.025994,0.031603,0.14936,NaN,NaN,0.275339,NaN,0.102039,NaN,NaN,NA,AERONET_SEAPRISM,413_441_491_555_668
AS20-00279,20,HelsinkiLighthouse,2006,8,19,6,26,24.92636,59.94897,0,NaN,13.926899,NaN,NaN,NaN,NaN,0.027705,0.032911,0.073466,0.156489,NaN,NaN,0.295884,NaN,0.101568,NaN,NaN,NA,AERONET_SEAPRISM,413_441_491_555_668
AS20-00280,20,HelsinkiLighthouse,2006,8,19,6,56,24.92636,59.94897,0,NaN,13.026415,NaN,NaN,NaN,NaN,0.028203,0.020117,0.058884,0.169945,NaN,NaN,0.31283,NaN,0.111878,NaN,NaN,NA,AERONET_SEAPRISM,413_441_491_555_668
AS20-00281,20,HelsinkiLighthouse,2006,8,19,9,37,24.92636,59.94897,0,NaN,10.233925,NaN,NaN,NaN,NaN,0.023057,0.077709,0.115498,0.229655,NaN,NaN,0.390896,NaN,0.130092,NaN,NaN,NA,AERONET_SEAPRISM,413_441_491_555_668
AS20-00282,20,HelsinkiLighthouse,2006,8,19,11,38,24.92636,59.94897,0,NaN,9.943805,NaN,NaN,NaN,NaN,0.022706,0.112006,0.161186,0.276214,NaN,NaN,0.466655,NaN,0.156053,NaN,NaN,NA,AERONET_SEAPRISM,413_441_491_555_668
AS20-00283,20,HelsinkiLighthouse,2006,8,19,11,58,24.92636,59.94897,0,NaN,9.77341,NaN,NaN,NaN,NaN,0.024007,0.054817,0.132834,0.290295,NaN,NaN,0.485475,NaN,0.160396,NaN,NaN,NA,AERONET_SEAPRISM,413_441_491_555_668
AS20-00284,20,HelsinkiLighthouse,2006,8,19,12,58,24.92636,59.94897,0,NaN,11.65245,NaN,NaN,NaN,NaN,0.023653,0.018737,0.123559,0.244617,NaN,NaN,0.435617,NaN,0.154884,NaN,NaN,NA,AERONET_SEAPRISM,413_441_491_555_668
AS20-00285,20,HelsinkiLighthouse,2006,8,19,13,37,24.92636,59.94897,0,NaN,16.193039,NaN,NaN,NaN,NaN,0.025839,0.042811,0.13107,0.233244,NaN,NaN,0.465408,NaN,0.149977,NaN,NaN,NA,AERONET_SEAPRISM,413_441_491_555_668
AS20-00286,20,HelsinkiLighthouse,2006,8,19,14,0,24.92636,59.94897,0,NaN,14.567585,NaN,NaN,NaN,NaN,0.025816,0.060057,0.110005,0.220708,NaN,NaN,0.424118,NaN,0.149628,NaN,NaN,NA,AERONET_SEAPRISM,413_441_491_555_668
AS20-00287,20,HelsinkiLighthouse,2006,8,19,15,56,24.92636,59.94897,0,NaN,14.244001,NaN,NaN,NaN,NaN,0.050529,-0.06733,0.026784,0.175154,NaN,NaN,0.330261,NaN,0.142713,NaN,NaN,NA,AERONET_SEAPRISM,413_441_491_555_668
AS20-00288,20,HelsinkiLighthouse,2006,8,20,12,58,24.92636,59.94897,0,NaN,15.637568,NaN,NaN,NaN,NaN,0.093264,0.028044,0.181796,0.239245,NaN,NaN,0.474872,NaN,0.162614,NaN,NaN,NA,AERONET_SEAPRISM,413_441_491_555_668
AS20-00289,20,HelsinkiLighthouse,2006,8,23,15,25,24.92636,59.94897,0,NaN,11.173055,NaN,NaN,NaN,NaN,0.285811,-0.044952,0.048447,0.171135,NaN,NaN,0.298182,NaN,0.033596,NaN,NaN,NA,AERONET_SEAPRISM,413_441_491_555_668
AS20-00290,20,HelsinkiLighthouse,2006,8,24,4,55,24.92636,59.94897,0,NaN,15.285457,NaN,NaN,NaN,NaN,0.05655,-0.083987,0.006681,0.142415,NaN,NaN,0.274044,NaN,0.132915,NaN,NaN,NA,AERONET_SEAPRISM,413_441_491_555_668
AS20-00291,20,HelsinkiLighthouse,2006,8,25,6,25,24.92636,59.94897,0,NaN,18.640485,NaN,NaN,NaN,NaN,0.074199,-0.028603,0.089965,0.156132,NaN,NaN,0.32662,NaN,0.118425,NaN,NaN,NA,AERONET_SEAPRISM,413_441_491_555_668
AS20-00292,20,HelsinkiLighthouse,2006,8,25,10,30,24.92636,59.94897,0,NaN,8.792345,NaN,NaN,NaN,NaN,0.060068,0.114235,0.134935,0.228927,NaN,NaN,0.370389,NaN,0.139939,NaN,NaN,NA,AERONET_SEAPRISM,413_441_491_555_668
AS20-00293,20,HelsinkiLighthouse,2006,8,25,11,36,24.92636,59.94897,0,NaN,10.638151,NaN,NaN,NaN,NaN,0.051407,0.046719,0.080805,0.210158,NaN,NaN,0.361182,NaN,0.113816,NaN,NaN,NA,AERONET_SEAPRISM,413_441_491_555_668
AS20-00294,20,HelsinkiLighthouse,2006,8,25,11,57,24.92636,59.94897,0,NaN,10.975471,NaN,NaN,NaN,NaN,0.043702,0.048183,0.096488,0.213186,NaN,NaN,0.371215,NaN,0.122008,NaN,NaN,NA,AERONET_SEAPRISM,413_441_491_555_668
AS20-00295,20,HelsinkiLighthouse,2006,8,25,13,36,24.92636,59.94897,0,NaN,8.94467,NaN,NaN,NaN,NaN,0.068073,0.089096,0.124848,0.23468,NaN,NaN,0.381303,NaN,0.112523,NaN,NaN,NA,AERONET_SEAPRISM,413_441_491_555_668
AS20-00296,20,HelsinkiLighthouse,2006,8,26,5,57,24.92636,59.94897,0,NaN,28.221395,NaN,NaN,NaN,NaN,0.073041,-0.090757,0.008591,0.142038,NaN,NaN,0.334173,NaN,0.091226,NaN,NaN,NA,AERONET_SEAPRISM,413_441_491_555_668
AS20-00297,20,HelsinkiLighthouse,2006,8,26,6,25,24.92636,59.94897,0,NaN,9.892265,NaN,NaN,NaN,NaN,0.067874,-0.008024,0.067892,0.18231,NaN,NaN,0.305332,NaN,0.102644,NaN,NaN,NA,AERONET_SEAPRISM,413_441_491_555_668
AS20-00298,20,HelsinkiLighthouse,2006,8,26,6,55,24.92636,59.94897,0,NaN,18.533039,NaN,NaN,NaN,NaN,0.061448,-0.01436,0.047256,0.155039,NaN,NaN,0.320854,NaN,0.111116,NaN,NaN,NA,AERONET_SEAPRISM,413_441_491_555_668
AS20-00299,20,HelsinkiLighthouse,2006,8,26,10,56,24.92636,59.94897,0,NaN,8.994314,NaN,NaN,NaN,NaN,0.064478,0.131405,0.13684,0.240249,NaN,NaN,0.391598,NaN,0.14447,NaN,NaN,NA,AERONET_SEAPRISM,413_441_491_555_668
AS20-00300,20,HelsinkiLighthouse,2006,8,26,11,56,24.92636,59.94897,0,NaN,7.984392,NaN,NaN,NaN,NaN,0.078373,0.127552,0.187346,0.291973,NaN,NaN,0.457188,NaN,0.14422,NaN,NaN,NA,AERONET_SEAPRISM,413_441_491_555_668
AS20-00301,20,HelsinkiLighthouse,2006,8,27,11,56,24.92636,59.94897,0,NaN,12.209804,NaN,NaN,NaN,NaN,0.13871,0.138564,0.123554,0.207826,NaN,NaN,0.377206,NaN,0.118962,NaN,NaN,NA,AERONET_SEAPRISM,413_441_491_555_668
AS20-00302,20,HelsinkiLighthouse,2006,9,1,7,55,24.92636,59.94897,0,NaN,10.236821,NaN,NaN,NaN,NaN,0.032762,0.108449,0.084385,0.161433,NaN,NaN,0.274979,NaN,0.115745,NaN,NaN,NA,AERONET_SEAPRISM,413_441_491_555_668
AS20-00303,20,HelsinkiLighthouse,2006,9,1,8,34,24.92636,59.94897,0,NaN,9.115528,NaN,NaN,NaN,NaN,0.025372,0.025589,0.058253,0.172568,NaN,NaN,0.280482,NaN,0.115892,NaN,NaN,NA,AERONET_SEAPRISM,413_441_491_555_668
AS20-00304,20,HelsinkiLighthouse,2006,9,1,8,55,24.92636,59.94897,0,NaN,10.903769,NaN,NaN,NaN,NaN,0.025257,0.098292,0.101556,0.162698,NaN,NaN,0.284243,NaN,0.131396,NaN,NaN,NA,AERONET_SEAPRISM,413_441_491_555_668
AS20-00305,20,HelsinkiLighthouse,2006,9,1,9,55,24.92636,59.94897,0,NaN,6.059607,NaN,NaN,NaN,NaN,0.027034,0.096658,0.115694,0.213249,NaN,NaN,0.30106,NaN,0.137704,NaN,NaN,NA,AERONET_SEAPRISM,413_441_491_555_668
AS20-00306,20,HelsinkiLighthouse,2006,9,1,10,55,24.92636,59.94897,0,NaN,11.00162,NaN,NaN,NaN,NaN,0.031084,0.163116,0.13766,0.264277,NaN,NaN,0.461586,NaN,0.138446,NaN,NaN,NA,AERONET_SEAPRISM,413_441_491_555_668
AS20-00307,20,HelsinkiLighthouse,2006,9,2,9,55,24.92636,59.94897,0,NaN,7.721585,NaN,NaN,NaN,NaN,0.043689,0.090659,0.101072,0.208608,NaN,NaN,0.321096,NaN,0.129246,NaN,NaN,NA,AERONET_SEAPRISM,413_441_491_555_668
AS20-00308,20,HelsinkiLighthouse,2006,9,2,10,34,24.92636,59.94897,0,NaN,7.936074,NaN,NaN,NaN,NaN,0.037368,0.036452,0.087984,0.207125,NaN,NaN,0.321341,NaN,0.132519,NaN,NaN,NA,AERONET_SEAPRISM,413_441_491_555_668
AS20-00309,20,HelsinkiLighthouse,2006,9,2,10,55,24.92636,59.94897,0,NaN,12.042262,NaN,NaN,NaN,NaN,0.035105,0.078445,0.103685,0.180859,NaN,NaN,0.326478,NaN,0.126526,NaN,NaN,NA,AERONET_SEAPRISM,413_441_491_555_668
AS20-00310,20,HelsinkiLighthouse,2006,9,2,12,34,24.92636,59.94897,0,NaN,15.701256,NaN,NaN,NaN,NaN,0.029366,0.027836,0.049111,0.166749,NaN,NaN,0.326434,NaN,0.119441,NaN,NaN,NA,AERONET_SEAPRISM,413_441_491_555_668
AS20-00311,20,HelsinkiLighthouse,2006,9,2,12,55,24.92636,59.94897,0,NaN,20.035275,NaN,NaN,NaN,NaN,0.033421,0.033067,0.053869,0.145124,NaN,NaN,0.308814,NaN,0.129975,NaN,NaN,NA,AERONET_SEAPRISM,413_441_491_555_668
AS20-00312,20,HelsinkiLighthouse,2006,9,3,12,54,24.92636,59.94897,0,NaN,15.26851,NaN,NaN,NaN,NaN,0.069231,0.012131,0.070719,0.124482,NaN,NaN,0.243583,NaN,0.088129,NaN,NaN,NA,AERONET_SEAPRISM,413_441_491_555_668
AS20-00313,20,HelsinkiLighthouse,2006,9,3,13,34,24.92636,59.94897,0,NaN,5.642022,NaN,NaN,NaN,NaN,0.068394,0.024422,0.047654,0.161727,NaN,NaN,0.220567,NaN,0.072269,NaN,NaN,NA,AERONET_SEAPRISM,413_441_491_555_668
AS20-00314,20,HelsinkiLighthouse,2006,9,3,13,52,24.92636,59.94897,0,NaN,16.267901,NaN,NaN,NaN,NaN,0.069708,-0.035615,0.05888,0.115582,NaN,NaN,0.23059,NaN,0.092411,NaN,NaN,NA,AERONET_SEAPRISM,413_441_491_555_668
AS20-00315,20,HelsinkiLighthouse,2006,9,5,8,54,24.92636,59.94897,0,NaN,15.205959,NaN,NaN,NaN,NaN,0.029885,0.009047,0.063031,0.148697,NaN,NaN,0.2892,NaN,0.10906,NaN,NaN,NA,AERONET_SEAPRISM,413_441_491_555_668
AS20-00316,20,HelsinkiLighthouse,2006,9,5,10,33,24.92636,59.94897,0,NaN,12.59449,NaN,NaN,NaN,NaN,0.045114,-0.008148,0.067492,0.155905,NaN,NaN,0.284496,NaN,0.10846,NaN,NaN,NA,AERONET_SEAPRISM,413_441_491_555_668
AS20-00317,20,HelsinkiLighthouse,2006,9,7,5,21,24.92636,59.94897,0,NaN,58.505489,NaN,NaN,NaN,NaN,0.237606,-0.083855,0.009974,0.129105,NaN,NaN,0.380446,NaN,0.068209,NaN,NaN,NA,AERONET_SEAPRISM,413_441_491_555_668
AS20-00318,20,HelsinkiLighthouse,2006,9,8,6,51,24.92636,59.94897,0,NaN,102.48441,NaN,NaN,NaN,NaN,0.017735,-0.028887,0.07622,0.089152,NaN,NaN,0.317382,NaN,0.099805,NaN,NaN,NA,AERONET_SEAPRISM,413_441_491_555_668
AS20-00319,20,HelsinkiLighthouse,2006,9,10,8,32,24.92636,59.94897,0,NaN,2.901267,NaN,NaN,NaN,NaN,0.028165,0.018248,0.113059,0.277019,NaN,NaN,0.293587,NaN,0.116431,NaN,NaN,NA,AERONET_SEAPRISM,413_441_491_555_668
AS20-00320,20,HelsinkiLighthouse,2006,9,10,8,52,24.92636,59.94897,0,NaN,4.966029,NaN,NaN,NaN,NaN,0.030584,-0.011579,0.093504,0.184682,NaN,NaN,0.241802,NaN,0.105727,NaN,NaN,NA,AERONET_SEAPRISM,413_441_491_555_668
AS20-00321,20,HelsinkiLighthouse,2006,9,10,10,31,24.92636,59.94897,0,NaN,5.527158,NaN,NaN,NaN,NaN,0.030802,0.044572,0.059485,0.206867,NaN,NaN,0.279914,NaN,0.105564,NaN,NaN,NA,AERONET_SEAPRISM,413_441_491_555_668
AS20-00322,20,HelsinkiLighthouse,2006,9,10,10,52,24.92636,59.94897,0,NaN,8.364092,NaN,NaN,NaN,NaN,0.030983,0.003522,0.075609,0.173642,NaN,NaN,0.274605,NaN,0.12521,NaN,NaN,NA,AERONET_SEAPRISM,413_441_491_555_668
AS20-00323,20,HelsinkiLighthouse,2006,9,10,13,31,24.92636,59.94897,0,NaN,25.846837,NaN,NaN,NaN,NaN,0.026928,-0.060833,0.007697,0.096896,NaN,NaN,0.2218,NaN,0.116826,NaN,NaN,NA,AERONET_SEAPRISM,413_441_491_555_668
AS20-00324,20,HelsinkiLighthouse,2006,9,11,5,20,24.92636,59.94897,0,NaN,NaN,NaN,NaN,NaN,NaN,0.043937,nan,nan,nan,NaN,NaN,nan,NaN,nan,NaN,NaN,NA,AERONET_SEAPRISM,413_441_491_555_668
AS20-00325,20,HelsinkiLighthouse,2006,9,11,7,32,24.92636,59.94897,0,NaN,18.029244,NaN,NaN,NaN,NaN,0.03883,0.031515,0.049239,0.142954,NaN,NaN,0.29354,NaN,0.14431,NaN,NaN,NA,AERONET_SEAPRISM,413_441_491_555_668
AS20-00326,20,HelsinkiLighthouse,2006,9,11,7,52,24.92636,59.94897,0,NaN,17.47576,NaN,NaN,NaN,NaN,0.035388,-0.028702,0.017824,0.119376,NaN,NaN,0.241048,NaN,0.076336,NaN,NaN,NA,AERONET_SEAPRISM,413_441_491_555_668
AS20-00327,20,HelsinkiLighthouse,2006,9,11,10,31,24.92636,59.94897,0,NaN,13.293093,NaN,NaN,NaN,NaN,0.030683,0.025839,0.079994,0.137653,NaN,NaN,0.257112,NaN,0.092503,NaN,NaN,NA,AERONET_SEAPRISM,413_441_491_555_668
AS20-00328,20,HelsinkiLighthouse,2006,9,11,11,31,24.92636,59.94897,0,NaN,9.138785,NaN,NaN,NaN,NaN,0.03648,-0.008352,0.08202,0.145878,NaN,NaN,0.239065,NaN,0.0842,NaN,NaN,NA,AERONET_SEAPRISM,413_441_491_555_668
AS20-00329,20,HelsinkiLighthouse,2006,9,11,11,52,24.92636,59.94897,0,NaN,6.286296,NaN,NaN,NaN,NaN,0.031217,0.012926,0.020689,0.167835,NaN,NaN,0.236889,NaN,0.103177,NaN,NaN,NA,AERONET_SEAPRISM,413_441_491_555_668
AS20-00330,20,HelsinkiLighthouse,2006,9,11,12,52,24.92636,59.94897,0,NaN,22.156365,NaN,NaN,NaN,NaN,0.031285,0.055786,0.051723,0.094573,NaN,NaN,0.209167,NaN,0.083517,NaN,NaN,NA,AERONET_SEAPRISM,413_441_491_555_668
AS20-00331,20,HelsinkiLighthouse,2006,9,11,13,31,24.92636,59.94897,0,NaN,8.173485,NaN,NaN,NaN,NaN,0.036323,-0.006672,0.062249,0.155587,NaN,NaN,0.24375,NaN,0.064523,NaN,NaN,NA,AERONET_SEAPRISM,413_441_491_555_668
AS20-00332,20,HelsinkiLighthouse,2006,9,11,13,50,24.92636,59.94897,0,NaN,8.143461,NaN,NaN,NaN,NaN,0.034077,-0.021112,0.024651,0.156278,NaN,NaN,0.242569,NaN,0.085318,NaN,NaN,NA,AERONET_SEAPRISM,413_441_491_555_668
AS20-00333,20,HelsinkiLighthouse,2006,9,11,14,50,24.92636,59.94897,0,NaN,18.001398,NaN,NaN,NaN,NaN,0.035569,-0.118013,0.04205,0.122427,NaN,NaN,0.251252,NaN,0.05935,NaN,NaN,NA,AERONET_SEAPRISM,413_441_491_555_668
AS20-00334,20,HelsinkiLighthouse,2006,9,12,12,31,24.92636,59.94897,0,NaN,12.466298,NaN,NaN,NaN,NaN,0.080132,0.105011,0.061522,0.188997,NaN,NaN,0.342466,NaN,0.085409,NaN,NaN,NA,AERONET_SEAPRISM,413_441_491_555_668
AS20-00335,20,HelsinkiLighthouse,2006,9,12,13,49,24.92636,59.94897,0,NaN,3.678483,NaN,NaN,NaN,NaN,0.059893,0.014816,0.059603,0.195106,NaN,NaN,0.226249,NaN,0.095128,NaN,NaN,NA,AERONET_SEAPRISM,413_441_491_555_668
AS20-00336,20,HelsinkiLighthouse,2006,9,12,14,22,24.92636,59.94897,0,NaN,11.109525,NaN,NaN,NaN,NaN,0.057034,0.022758,0.081975,0.179463,NaN,NaN,0.313858,NaN,0.089812,NaN,NaN,NA,AERONET_SEAPRISM,413_441_491_555_668
AS20-00337,20,HelsinkiLighthouse,2006,9,12,14,49,24.92636,59.94897,0,NaN,7.427512,NaN,NaN,NaN,NaN,0.057953,-0.092521,0.142135,0.185246,NaN,NaN,0.283769,NaN,0.094204,NaN,NaN,NA,AERONET_SEAPRISM,413_441_491_555_668
AS20-00338,20,HelsinkiLighthouse,2006,9,13,6,49,24.92636,59.94897,0,NaN,19.720454,NaN,NaN,NaN,NaN,0.074359,-0.001479,0.013004,0.112298,NaN,NaN,0.235733,NaN,0.082359,NaN,NaN,NA,AERONET_SEAPRISM,413_441_491_555_668
AS20-00339,20,HelsinkiLighthouse,2006,9,13,7,30,24.92636,59.94897,0,NaN,5.685198,NaN,NaN,NaN,NaN,0.073685,0.026195,0.105629,0.205973,NaN,NaN,0.283729,NaN,0.11765,NaN,NaN,NA,AERONET_SEAPRISM,413_441_491_555_668
AS20-00340,20,HelsinkiLighthouse,2006,9,13,7,51,24.92636,59.94897,0,NaN,5.271735,NaN,NaN,NaN,NaN,0.069909,0.082739,0.11557,0.213727,NaN,NaN,0.286498,NaN,0.113302,NaN,NaN,NA,AERONET_SEAPRISM,413_441_491_555_668
AS20-00341,20,HelsinkiLighthouse,2006,9,14,10,51,24.92636,59.94897,0,NaN,4.164531,NaN,NaN,NaN,NaN,0.100703,0.224755,0.324252,0.373637,NaN,NaN,0.462941,NaN,0.185327,NaN,NaN,NA,AERONET_SEAPRISM,413_441_491_555_668
AS20-00342,20,HelsinkiLighthouse,2006,9,14,12,30,24.92636,59.94897,0,NaN,4.257464,NaN,NaN,NaN,NaN,0.060712,0.199805,0.244956,0.364047,NaN,NaN,0.452027,NaN,0.163277,NaN,NaN,NA,AERONET_SEAPRISM,413_441_491_555_668
AS20-00343,20,HelsinkiLighthouse,2006,9,14,13,30,24.92636,59.94897,0,NaN,12.56165,NaN,NaN,NaN,NaN,0.074688,-0.005036,0.034249,0.169334,NaN,NaN,0.306394,NaN,0.072373,NaN,NaN,NA,AERONET_SEAPRISM,413_441_491_555_668
AS20-00344,20,HelsinkiLighthouse,2006,9,14,14,19,24.92636,59.94897,0,NaN,16.900452,NaN,NaN,NaN,NaN,0.038972,-0.046286,0.010028,0.13326,NaN,NaN,0.265451,NaN,0.062947,NaN,NaN,NA,AERONET_SEAPRISM,413_441_491_555_668
AS20-00345,20,HelsinkiLighthouse,2006,9,15,6,48,24.92636,59.94897,0,NaN,13.261176,NaN,NaN,NaN,NaN,0.020252,-0.086848,0.028636,0.11884,NaN,NaN,0.219334,NaN,0.07654,NaN,NaN,NA,AERONET_SEAPRISM,413_441_491_555_668
AS20-00346,20,HelsinkiLighthouse,2006,9,15,7,30,24.92636,59.94897,0,NaN,11.24708,NaN,NaN,NaN,NaN,0.020335,-0.003745,0.00818,0.164223,NaN,NaN,0.284594,NaN,0.08816,NaN,NaN,NA,AERONET_SEAPRISM,413_441_491_555_668
AS20-00347,20,HelsinkiLighthouse,2006,9,15,7,50,24.92636,59.94897,0,NaN,8.429926,NaN,NaN,NaN,NaN,0.019973,0.011706,0.054861,0.196073,NaN,NaN,0.309363,NaN,0.111719,NaN,NaN,NA,AERONET_SEAPRISM,413_441_491_555_668
AS20-00348,20,HelsinkiLighthouse,2006,9,15,8,30,24.92636,59.94897,0,NaN,2.926246,NaN,NaN,NaN,NaN,0.020763,0.030512,0.057221,0.182258,NaN,NaN,0.193221,NaN,0.095005,NaN,NaN,NA,AERONET_SEAPRISM,413_441_491_555_668
AS20-00349,20,HelsinkiLighthouse,2006,9,15,10,30,24.92636,59.94897,0,NaN,10.69434,NaN,NaN,NaN,NaN,0.027945,0.036744,0.046365,0.173853,NaN,NaN,0.298181,NaN,0.094347,NaN,NaN,NA,AERONET_SEAPRISM,413_441_491_555_668
AS20-00350,20,HelsinkiLighthouse,2006,9,15,10,50,24.92636,59.94897,0,NaN,8.934381,NaN,NaN,NaN,NaN,0.031251,-0.015566,0.078584,0.213015,NaN,NaN,0.344121,NaN,0.116231,NaN,NaN,NA,AERONET_SEAPRISM,413_441_491_555_668
AS20-00351,20,HelsinkiLighthouse,2006,9,15,11,30,24.92636,59.94897,0,NaN,11.923594,NaN,NaN,NaN,NaN,0.031752,0.021484,0.066438,0.182304,NaN,NaN,0.325734,NaN,0.091616,NaN,NaN,NA,AERONET_SEAPRISM,413_441_491_555_668
AS20-00352,20,HelsinkiLighthouse,2006,9,15,11,50,24.92636,59.94897,0,NaN,14.756351,NaN,NaN,NaN,NaN,0.033187,0.009763,0.072222,0.173343,NaN,NaN,0.33366,NaN,0.105508,NaN,NaN,NA,AERONET_SEAPRISM,413_441_491_555_668
AS20-00353,20,HelsinkiLighthouse,2006,9,15,12,30,24.92636,59.94897,0,NaN,13.025674,NaN,NaN,NaN,NaN,0.036071,0.018921,0.047297,0.163415,NaN,NaN,0.30024,NaN,0.076528,NaN,NaN,NA,AERONET_SEAPRISM,413_441_491_555_668
AS20-00354,20,HelsinkiLighthouse,2006,9,15,12,50,24.92636,59.94897,0,NaN,13.546677,NaN,NaN,NaN,NaN,0.037184,-0.028893,0.017436,0.1593,NaN,NaN,0.294866,NaN,0.084241,NaN,NaN,NA,AERONET_SEAPRISM,413_441_491_555_668
AS20-00355,20,HelsinkiLighthouse,2006,9,15,14,53,24.92636,59.94897,0,NaN,NaN,NaN,NaN,NaN,NaN,0.036218,nan,nan,nan,NaN,NaN,nan,NaN,nan,NaN,NaN,NA,AERONET_SEAPRISM,413_441_491_555_668
AS20-00356,20,HelsinkiLighthouse,2006,9,16,5,48,24.92636,59.94897,0,NaN,6.276982,NaN,NaN,NaN,NaN,0.02769,-0.100077,0.009125,0.156757,NaN,NaN,0.220657,NaN,0.082345,NaN,NaN,NA,AERONET_SEAPRISM,413_441_491_555_668
AS20-00357,20,HelsinkiLighthouse,2006,9,16,6,50,24.92636,59.94897,0,NaN,8.453139,NaN,NaN,NaN,NaN,0.03412,-0.043925,0.006186,0.151876,NaN,NaN,0.237978,NaN,0.078718,NaN,NaN,NA,AERONET_SEAPRISM,413_441_491_555_668
AS20-00358,20,HelsinkiLighthouse,2006,9,18,12,49,24.92636,59.94897,0,NaN,5.919058,NaN,NaN,NaN,NaN,0.068939,-0.004155,0.031036,0.167244,NaN,NaN,0.231349,NaN,0.051159,NaN,NaN,NA,AERONET_SEAPRISM,413_441_491_555_668
AS20-00359,20,HelsinkiLighthouse,2006,9,18,13,47,24.92636,59.94897,0,NaN,18.93741,NaN,NaN,NaN,NaN,0.083222,-0.058507,0.006227,0.102123,NaN,NaN,0.211149,NaN,0.058474,NaN,NaN,NA,AERONET_SEAPRISM,413_441_491_555_668
AS20-00360,20,HelsinkiLighthouse,2006,9,20,13,53,24.92636,59.94897,0,NaN,21.890976,NaN,NaN,NaN,NaN,0.048212,-0.035098,0.011489,0.115618,NaN,NaN,0.250997,NaN,0.089836,NaN,NaN,NA,AERONET_SEAPRISM,413_441_491_555_668
AS20-00361,20,HelsinkiLighthouse,2006,9,20,14,14,24.92636,59.94897,0,NaN,23.037554,NaN,NaN,NaN,NaN,0.04489,-0.093033,0.034923,0.1027,NaN,NaN,0.228484,NaN,0.088614,NaN,NaN,NA,AERONET_SEAPRISM,413_441_491_555_668
AS20-00362,20,HelsinkiLighthouse,2006,9,21,7,26,24.92636,59.94897,0,NaN,5.073297,NaN,NaN,NaN,NaN,0.013943,-0.011947,0.043888,0.171008,NaN,NaN,0.223866,NaN,0.097528,NaN,NaN,NA,AERONET_SEAPRISM,413_441_491_555_668
AS20-00363,20,HelsinkiLighthouse,2006,9,21,7,47,24.92636,59.94897,0,NaN,9.334127,NaN,NaN,NaN,NaN,0.014503,-0.002352,0.029739,0.141802,NaN,NaN,0.23144,NaN,0.091985,NaN,NaN,NA,AERONET_SEAPRISM,413_441_491_555_668
AS20-00364,20,HelsinkiLighthouse,2006,9,21,10,47,24.92636,59.94897,0,NaN,8.731238,NaN,NaN,NaN,NaN,0.03147,0.035478,0.051071,0.185159,NaN,NaN,0.295781,NaN,0.11264,NaN,NaN,NA,AERONET_SEAPRISM,413_441_491_555_668
AS20-00365,20,HelsinkiLighthouse,2006,9,21,11,27,24.92636,59.94897,0,NaN,5.662063,NaN,NaN,NaN,NaN,0.034387,0.015647,0.076213,0.201845,NaN,NaN,0.276396,NaN,0.094814,NaN,NaN,NA,AERONET_SEAPRISM,413_441_491_555_668
AS20-00366,20,HelsinkiLighthouse,2006,9,21,11,47,24.92636,59.94897,0,NaN,6.416258,NaN,NaN,NaN,NaN,0.043481,-0.025535,0.038133,0.191479,NaN,NaN,0.272982,NaN,0.092732,NaN,NaN,NA,AERONET_SEAPRISM,413_441_491_555_668
AS20-00367,20,HelsinkiLighthouse,2006,9,21,12,47,24.92636,59.94897,0,NaN,2.933756,NaN,NaN,NaN,NaN,0.054066,0.011289,0.03936,0.189234,NaN,NaN,0.200123,NaN,0.105633,NaN,NaN,NA,AERONET_SEAPRISM,413_441_491_555_668
AS20-00368,20,HelsinkiLighthouse,2006,9,22,6,45,24.92636,59.94897,0,NaN,6.339701,NaN,NaN,NaN,NaN,0.085528,-0.048264,0.052276,0.174882,NaN,NaN,0.249041,NaN,0.091519,NaN,NaN,NA,AERONET_SEAPRISM,413_441_491_555_668
AS20-00369,20,HelsinkiLighthouse,2006,9,22,7,26,24.92636,59.94897,0,NaN,13.136425,NaN,NaN,NaN,NaN,0.089648,0.03368,0.018917,0.165211,NaN,NaN,0.302668,NaN,0.118573,NaN,NaN,NA,AERONET_SEAPRISM,413_441_491_555_668
AS20-00370,20,HelsinkiLighthouse,2006,9,22,7,47,24.92636,59.94897,0,NaN,6.002111,NaN,NaN,NaN,NaN,0.07277,0.032821,0.07486,0.176699,NaN,NaN,0.24762,NaN,0.116856,NaN,NaN,NA,AERONET_SEAPRISM,413_441_491_555_668
AS20-00371,20,HelsinkiLighthouse,2006,9,22,10,26,24.92636,59.94897,0,NaN,6.133731,NaN,NaN,NaN,NaN,0.064188,0.053795,0.130547,0.192305,NaN,NaN,0.273924,NaN,0.124634,NaN,NaN,NA,AERONET_SEAPRISM,413_441_491_555_668
AS20-00372,20,HelsinkiLighthouse,2006,9,22,10,47,24.92636,59.94897,0,NaN,8.728143,NaN,NaN,NaN,NaN,0.06581,0.072117,0.087738,0.20815,NaN,NaN,0.33406,NaN,0.121667,NaN,NaN,NA,AERONET_SEAPRISM,413_441_491_555_668
AS20-00373,20,HelsinkiLighthouse,2006,9,22,11,26,24.92636,59.94897,0,NaN,5.71535,NaN,NaN,NaN,NaN,0.061349,0.12346,0.16754,0.223174,NaN,NaN,0.310419,NaN,0.101893,NaN,NaN,NA,AERONET_SEAPRISM,413_441_491_555_668
AS20-00374,20,HelsinkiLighthouse,2006,9,22,11,47,24.92636,59.94897,0,NaN,6.260431,NaN,NaN,NaN,NaN,0.055069,0.028269,0.158803,0.19517,NaN,NaN,0.281332,NaN,0.096135,NaN,NaN,NA,AERONET_SEAPRISM,413_441_491_555_668
AS20-00375,20,HelsinkiLighthouse,2006,9,22,12,26,24.92636,59.94897,0,NaN,4.74141,NaN,NaN,NaN,NaN,0.047089,0.092907,0.164011,0.212241,NaN,NaN,0.275446,NaN,0.118936,NaN,NaN,NA,AERONET_SEAPRISM,413_441_491_555_668
AS20-00376,20,HelsinkiLighthouse,2006,9,22,12,47,24.92636,59.94897,0,NaN,7.558357,NaN,NaN,NaN,NaN,0.04472,0.01771,0.037061,0.200119,NaN,NaN,0.302679,NaN,0.101135,NaN,NaN,NA,AERONET_SEAPRISM,413_441_491_555_668
AS20-00377,20,HelsinkiLighthouse,2006,9,22,13,26,24.92636,59.94897,0,NaN,3.93595,NaN,NaN,NaN,NaN,0.046283,0.005247,0.065231,0.15882,NaN,NaN,0.189713,NaN,0.132367,NaN,NaN,NA,AERONET_SEAPRISM,413_441_491_555_668
AS20-00378,20,HelsinkiLighthouse,2006,9,22,13,45,24.92636,59.94897,0,NaN,13.385426,NaN,NaN,NaN,NaN,0.047352,0.061208,0.033548,0.177112,NaN,NaN,0.327365,NaN,0.119197,NaN,NaN,NA,AERONET_SEAPRISM,413_441_491_555_668
AS20-00379,20,HelsinkiLighthouse,2006,9,23,6,45,24.92636,59.94897,0,NaN,6.199788,NaN,NaN,NaN,NaN,0.114044,-0.01511,0.089532,0.208627,NaN,NaN,0.29593,NaN,0.108023,NaN,NaN,NA,AERONET_SEAPRISM,413_441_491_555_668
AS20-00380,20,HelsinkiLighthouse,2006,9,23,7,27,24.92636,59.94897,0,NaN,5.164798,NaN,NaN,NaN,NaN,0.096603,0.11394,0.125494,0.264633,NaN,NaN,0.351259,NaN,0.136661,NaN,NaN,NA,AERONET_SEAPRISM,413_441_491_555_668
AS20-00381,20,HelsinkiLighthouse,2006,9,23,7,46,24.92636,59.94897,0,NaN,10.972576,NaN,NaN,NaN,NaN,0.095501,0.092659,0.156077,0.178636,NaN,NaN,0.315309,NaN,0.105571,NaN,NaN,NA,AERONET_SEAPRISM,413_441_491_555_668
AS20-00382,20,HelsinkiLighthouse,2006,9,23,11,26,24.92636,59.94897,0,NaN,3.439569,NaN,NaN,NaN,NaN,0.074148,0.136066,0.152027,0.259947,NaN,NaN,0.296346,NaN,0.131139,NaN,NaN,NA,AERONET_SEAPRISM,413_441_491_555_668
AS20-00383,20,HelsinkiLighthouse,2006,9,23,11,47,24.92636,59.94897,0,NaN,5.447631,NaN,NaN,NaN,NaN,0.082161,0.058083,0.140223,0.234545,NaN,NaN,0.318877,NaN,0.113246,NaN,NaN,NA,AERONET_SEAPRISM,413_441_491_555_668
AS20-00384,20,HelsinkiLighthouse,2006,9,23,12,26,24.92636,59.94897,0,NaN,3.145751,NaN,NaN,NaN,NaN,0.076924,0.085029,0.10591,0.242488,NaN,NaN,0.26562,NaN,0.104114,NaN,NaN,NA,AERONET_SEAPRISM,413_441_491_555_668
AS20-00385,20,HelsinkiLighthouse,2006,9,23,12,46,24.92636,59.94897,0,NaN,4.689779,NaN,NaN,NaN,NaN,0.071668,0.028184,0.129238,0.230741,NaN,NaN,0.296163,NaN,0.088841,NaN,NaN,NA,AERONET_SEAPRISM,413_441_491_555_668
AS20-00386,20,HelsinkiLighthouse,2006,9,23,13,26,24.92636,59.94897,0,NaN,8.512757,NaN,NaN,NaN,NaN,0.076088,0.032277,0.045936,0.135996,NaN,NaN,0.215734,NaN,0.079049,NaN,NaN,NA,AERONET_SEAPRISM,413_441_491_555_668
AS20-00387,20,HelsinkiLighthouse,2006,9,23,13,49,24.92636,59.94897,0,NaN,10.509073,NaN,NaN,NaN,NaN,0.077489,0.073542,0.103823,0.156609,NaN,NaN,0.270453,NaN,0.134632,NaN,NaN,NA,AERONET_SEAPRISM,413_441_491_555_668
AS20-00388,20,HelsinkiLighthouse,2006,9,24,6,44,24.92636,59.94897,0,NaN,11.120402,NaN,NaN,NaN,NaN,0.04443,-0.041696,0.018418,0.148914,NaN,NaN,0.257682,NaN,0.088233,NaN,NaN,NA,AERONET_SEAPRISM,413_441_491_555_668
AS20-00389,20,HelsinkiLighthouse,2006,9,24,7,25,24.92636,59.94897,0,NaN,4.863931,NaN,NaN,NaN,NaN,0.045853,-0.044341,0.0879,0.191845,NaN,NaN,0.248828,NaN,0.084966,NaN,NaN,NA,AERONET_SEAPRISM,413_441_491_555_668
AS20-00390,20,HelsinkiLighthouse,2006,9,24,7,46,24.92636,59.94897,0,NaN,3.737872,NaN,NaN,NaN,NaN,0.043462,0.024563,0.090778,0.207748,NaN,NaN,0.243459,NaN,0.090361,NaN,NaN,NA,AERONET_SEAPRISM,413_441_491_555_668
AS20-00391,20,HelsinkiLighthouse,2006,9,24,10,25,24.92636,59.94897,0,NaN,8.324716,NaN,NaN,NaN,NaN,0.074067,0.072787,0.158213,0.215715,NaN,NaN,0.343886,NaN,0.101758,NaN,NaN,NA,AERONET_SEAPRISM,413_441_491_555_668
AS20-00392,20,HelsinkiLighthouse,2006,9,24,11,26,24.92636,59.94897,0,NaN,4.752465,NaN,NaN,NaN,NaN,0.065042,0.070976,0.126021,0.232648,NaN,NaN,0.299936,NaN,0.102697,NaN,NaN,NA,AERONET_SEAPRISM,413_441_491_555_668
AS20-00393,20,HelsinkiLighthouse,2006,9,26,6,44,24.92636,59.94897,0,NaN,51.726629,NaN,NaN,NaN,NaN,0.110592,-0.039846,0.065484,0.076863,NaN,NaN,0.22388,NaN,0.09478,NaN,NaN,NA,AERONET_SEAPRISM,413_441_491_555_668
AS20-00394,20,HelsinkiLighthouse,2006,9,26,9,45,24.92636,59.94897,0,NaN,9.017248,NaN,NaN,NaN,NaN,0.080368,0.008875,0.090841,0.162775,NaN,NaN,0.265459,NaN,0.080712,NaN,NaN,NA,AERONET_SEAPRISM,413_441_491_555_668
AS20-00395,20,HelsinkiLighthouse,2006,9,26,10,25,24.92636,59.94897,0,NaN,8.863758,NaN,NaN,NaN,NaN,0.07844,0.022024,0.04267,0.166804,NaN,NaN,0.267715,NaN,0.080799,NaN,NaN,NA,AERONET_SEAPRISM,413_441_491_555_668
AS20-00396,20,HelsinkiLighthouse,2006,9,26,10,45,24.92636,59.94897,0,NaN,7.139363,NaN,NaN,NaN,NaN,0.075837,-0.003717,0.067591,0.187283,NaN,NaN,0.279088,NaN,0.077229,NaN,NaN,NA,AERONET_SEAPRISM,413_441_491_555_668
AS20-00397,20,HelsinkiLighthouse,2006,9,26,11,25,24.92636,59.94897,0,NaN,4.727398,NaN,NaN,NaN,NaN,0.07867,-0.016925,0.0964,0.192321,NaN,NaN,0.247123,NaN,0.08627,NaN,NaN,NA,AERONET_SEAPRISM,413_441_491_555_668
AS20-00398,20,HelsinkiLighthouse,2006,9,26,11,45,24.92636,59.94897,0,NaN,6.730986,NaN,NaN,NaN,NaN,0.08156,-0.03143,0.068279,0.149175,NaN,NaN,0.218276,NaN,0.065576,NaN,NaN,NA,AERONET_SEAPRISM,413_441_491_555_668
AS20-00399,20,HelsinkiLighthouse,2006,9,26,12,25,24.92636,59.94897,0,NaN,16.547549,NaN,NaN,NaN,NaN,0.086023,-0.076795,0.01169,0.10357,NaN,NaN,0.205116,NaN,0.067585,NaN,NaN,NA,AERONET_SEAPRISM,413_441_491_555_668
AS20-00400,20,HelsinkiLighthouse,2006,9,26,13,15,24.92636,59.94897,0,NaN,14.574253,NaN,NaN,NaN,NaN,0.102841,-0.076734,0.017942,0.11633,NaN,NaN,0.221065,NaN,0.062359,NaN,NaN,NA,AERONET_SEAPRISM,413_441_491_555_668
AS20-00401,20,HelsinkiLighthouse,2006,9,27,9,24,24.92636,59.94897,0,NaN,4.439741,NaN,NaN,NaN,NaN,0.104334,0.131337,0.152685,0.274198,NaN,NaN,0.344655,NaN,0.135981,NaN,NaN,NA,AERONET_SEAPRISM,413_441_491_555_668
AS20-00402,20,HelsinkiLighthouse,2006,9,27,9,45,24.92636,59.94897,0,NaN,4.824041,NaN,NaN,NaN,NaN,0.097065,0.135596,0.200062,0.265832,NaN,NaN,0.34703,NaN,0.102135,NaN,NaN,NA,AERONET_SEAPRISM,413_441_491_555_668
AS20-00403,20,HelsinkiLighthouse,2006,9,27,12,24,24.92636,59.94897,0,NaN,6.954427,NaN,NaN,NaN,NaN,0.119824,0.063951,0.108899,0.198309,NaN,NaN,0.294523,NaN,0.128801,NaN,NaN,NA,AERONET_SEAPRISM,413_441_491_555_668
AS20-00404,20,HelsinkiLighthouse,2006,10,2,11,44,24.92636,59.94897,0,NaN,7.093857,NaN,NaN,NaN,NaN,0.058516,-0.063803,0.008073,0.151304,NaN,NaN,0.222681,NaN,0.096818,NaN,NaN,NA,AERONET_SEAPRISM,413_441_491_555_668
AS20-00405,20,HelsinkiLighthouse,2006,10,2,12,23,24.92636,59.94897,0,NaN,10.815413,NaN,NaN,NaN,NaN,0.04638,-0.000224,0.041971,0.154408,NaN,NaN,0.265914,NaN,0.083908,NaN,NaN,NA,AERONET_SEAPRISM,413_441_491_555_668
AS20-00406,20,HelsinkiLighthouse,2006,10,2,12,43,24.92636,59.94897,0,NaN,8.354457,NaN,NaN,NaN,NaN,0.05103,-0.00461,0.037494,0.135145,NaN,NaN,0.212531,NaN,0.09527,NaN,NaN,NA,AERONET_SEAPRISM,413_441_491_555_668
AS20-00407,20,HelsinkiLighthouse,2006,10,2,13,23,24.92636,59.94897,0,NaN,8.184269,NaN,NaN,NaN,NaN,0.056161,-0.074445,0.015585,0.111082,NaN,NaN,0.172627,NaN,0.056139,NaN,NaN,NA,AERONET_SEAPRISM,413_441_491_555_668
AS20-00408,20,HelsinkiLighthouse,2006,10,6,10,22,24.92636,59.94897,0,NaN,10.921571,NaN,NaN,NaN,NaN,0.024371,0.00705,0.024183,0.127955,NaN,NaN,0.220506,NaN,0.073314,NaN,NaN,NA,AERONET_SEAPRISM,413_441_491_555_668
AS20-00409,20,HelsinkiLighthouse,2006,10,6,11,22,24.92636,59.94897,0,NaN,12.370406,NaN,NaN,NaN,NaN,0.02756,0.012647,0.03867,0.157048,NaN,NaN,0.283081,NaN,0.07598,NaN,NaN,NA,AERONET_SEAPRISM,413_441_491_555_668
AS20-00410,20,HelsinkiLighthouse,2006,10,6,12,42,24.92636,59.94897,0,NaN,65.008957,NaN,NaN,NaN,NaN,0.026,-0.063967,0.002141,0.072531,NaN,NaN,0.220189,NaN,0.055949,NaN,NaN,NA,AERONET_SEAPRISM,413_441_491_555_668
